tablename	table_desc	column	col_type	index
nb_app_dws_per_res_his_dcmobile	公民身份与手机号的关系全量汇总表	cert_type	string	1
nb_app_dws_per_res_his_dcmobile	公民身份与手机号的关系全量汇总表	cert_num	string	2
nb_app_dws_per_res_his_dcmobile	公民身份与手机号的关系全量汇总表	mob	string	3
nb_app_dws_per_res_his_dcmobile	公民身份与手机号的关系全量汇总表	rel_type	string	4
nb_app_dws_per_res_his_dcmobile	公民身份与手机号的关系全量汇总表	last_dis_place	string	5
nb_app_dws_per_res_his_dcmobile	公民身份与手机号的关系全量汇总表	first_time	string	6
nb_app_dws_per_res_his_dcmobile	公民身份与手机号的关系全量汇总表	last_time	string	7
nb_app_dws_per_res_his_dcmobile	公民身份与手机号的关系全量汇总表	totle_count	string	8
nb_app_dws_per_res_his_dcmobile	公民身份与手机号的关系全量汇总表	totle_days	string	9
nb_app_dws_per_per_his_fri_qq	QQ与QQ的好友关系全量汇总表	qq	string	1
nb_app_dws_per_per_his_fri_qq	QQ与QQ的好友关系全量汇总表	rel_qq	string	2
nb_app_dws_per_per_his_fri_qq	QQ与QQ的好友关系全量汇总表	rel_type	string	3
nb_app_dws_per_per_his_fri_qq	QQ与QQ的好友关系全量汇总表	rel_group	string	4
nb_app_dws_per_per_his_fri_qq	QQ与QQ的好友关系全量汇总表	rel_remark	string	5
nb_app_dws_per_per_his_fri_qq	QQ与QQ的好友关系全量汇总表	last_dis_place	string	6
nb_app_dws_per_per_his_fri_qq	QQ与QQ的好友关系全量汇总表	first_time	string	7
nb_app_dws_per_per_his_fri_qq	QQ与QQ的好友关系全量汇总表	last_time	string	8
nb_app_dws_per_per_his_fri_qq	QQ与QQ的好友关系全量汇总表	totle_count	string	9
nb_app_dws_per_per_his_fri_qq	QQ与QQ的好友关系全量汇总表	totle_days	string	10
nb_app_dws_per_res_his_uidremark	用户ID与备注的关系全量汇总表	vt_type	string	1
nb_app_dws_per_res_his_uidremark	用户ID与备注的关系全量汇总表	userid	string	2
nb_app_dws_per_res_his_uidremark	用户ID与备注的关系全量汇总表	rem_name	string	3
nb_app_dws_per_res_his_uidremark	用户ID与备注的关系全量汇总表	dis_place	string	4
nb_app_dws_per_res_his_uidremark	用户ID与备注的关系全量汇总表	first_time	string	5
nb_app_dws_per_res_his_uidremark	用户ID与备注的关系全量汇总表	last_time	string	6
nb_app_dws_per_res_his_uidremark	用户ID与备注的关系全量汇总表	totle_count	string	7
nb_app_dws_per_res_his_uidremark	用户ID与备注的关系全量汇总表	totle_days	string	8
nb_app_dws_per_per_his_dcguardian	公民身份与公民身份的监护关系全量汇总表	cert_type	string	1
nb_app_dws_per_per_his_dcguardian	公民身份与公民身份的监护关系全量汇总表	cert_num	string	2
nb_app_dws_per_per_his_dcguardian	公民身份与公民身份的监护关系全量汇总表	rel_cert_type	string	3
nb_app_dws_per_per_his_dcguardian	公民身份与公民身份的监护关系全量汇总表	rel_cert_num	string	4
nb_app_dws_per_per_his_dcguardian	公民身份与公民身份的监护关系全量汇总表	rel_type	string	5
nb_app_dws_per_per_his_dcguardian	公民身份与公民身份的监护关系全量汇总表	last_dis_place	string	6
nb_app_dws_per_per_his_dcguardian	公民身份与公民身份的监护关系全量汇总表	totle_count	string	8
nb_app_dws_per_per_his_dcguardian	公民身份与公民身份的监护关系全量汇总表	totle_days	string	9
nb_app_dws_per_per_his_dcguardian	公民身份与公民身份的监护关系全量汇总表	first_time	string	10
nb_app_dws_per_per_his_dcguardian	公民身份与公民身份的监护关系全量汇总表	last_time	string	11
nb_app_dws_res_res_his_mobcontact	手机号与手机号的通讯录关系全量汇总表	mob_owner	string	1
nb_app_dws_res_res_his_mobcontact	手机号与手机号的通讯录关系全量汇总表	mob_contacts	string	2
nb_app_dws_res_res_his_mobcontact	手机号与手机号的通讯录关系全量汇总表	remark	string	3
nb_app_dws_res_res_his_mobcontact	手机号与手机号的通讯录关系全量汇总表	categories	string	4
nb_app_dws_res_res_his_mobcontact	手机号与手机号的通讯录关系全量汇总表	nickname	string	5
nb_app_dws_res_res_his_mobcontact	手机号与手机号的通讯录关系全量汇总表	last_dis_place	string	6
nb_app_dws_res_res_his_mobcontact	手机号与手机号的通讯录关系全量汇总表	first_time	string	7
nb_app_dws_res_res_his_mobcontact	手机号与手机号的通讯录关系全量汇总表	last_time	string	8
nb_app_dws_per_per_his_tr_email	邮箱与邮箱的通联关系全量汇总表	email	string	1
nb_app_dws_per_per_his_tr_email	邮箱与邮箱的通联关系全量汇总表	rel_email	string	2
nb_app_dws_per_per_his_tr_email	邮箱与邮箱的通联关系全量汇总表	send_count	string	3
nb_app_dws_per_per_his_tr_email	邮箱与邮箱的通联关系全量汇总表	send_days	string	4
nb_app_dws_per_per_his_tr_email	邮箱与邮箱的通联关系全量汇总表	recv_count	string	5
nb_app_dws_per_per_his_tr_email	邮箱与邮箱的通联关系全量汇总表	recv_days	string	6
nb_app_dws_per_per_his_tr_email	邮箱与邮箱的通联关系全量汇总表	rel_send_count	string	7
nb_app_dws_per_per_his_tr_email	邮箱与邮箱的通联关系全量汇总表	rel_send_days	string	8
nb_app_dws_per_per_his_tr_email	邮箱与邮箱的通联关系全量汇总表	rel_recv_count	string	9
nb_app_dws_per_per_his_tr_email	邮箱与邮箱的通联关系全量汇总表	rel_recv_days	string	10
nb_app_dws_per_per_his_tr_email	邮箱与邮箱的通联关系全量汇总表	last_dis_place	string	11
nb_app_dws_per_per_his_tr_email	邮箱与邮箱的通联关系全量汇总表	first_time	string	12
nb_app_dws_per_per_his_tr_email	邮箱与邮箱的通联关系全量汇总表	last_time	string	13
nb_app_dws_per_cas_his_dccase	公民身份与案件的关系全量汇总表	cert_type	string	1
nb_app_dws_per_cas_his_dccase	公民身份与案件的关系全量汇总表	cert_num	string	2
nb_app_dws_per_cas_his_dccase	公民身份与案件的关系全量汇总表	case_no	string	3
nb_app_dws_per_cas_his_dccase	公民身份与案件的关系全量汇总表	case_name	string	4
nb_app_dws_per_cas_his_dccase	公民身份与案件的关系全量汇总表	case_time	string	5
nb_app_dws_per_cas_his_dccase	公民身份与案件的关系全量汇总表	rel_type	string	6
nb_app_dws_per_cas_his_dccase	公民身份与案件的关系全量汇总表	last_dis_place	string	7
nb_app_dws_per_add_his_dcaddr	公民身份与地址的关系全量汇总表	orig_addr	string	3
nb_app_dws_per_add_his_dcaddr	公民身份与地址的关系全量汇总表	cert_type	string	4
nb_app_dws_per_add_his_dcaddr	公民身份与地址的关系全量汇总表	cert_num	string	5
nb_app_dws_per_add_his_dcaddr	公民身份与地址的关系全量汇总表	rel_type	string	6
nb_app_dws_per_add_his_dcaddr	公民身份与地址的关系全量汇总表	last_dis_place	string	7
nb_app_dws_per_add_his_dcaddr	公民身份与地址的关系全量汇总表	first_time	string	8
nb_app_dws_per_add_his_dcaddr	公民身份与地址的关系全量汇总表	last_time	string	9
nb_app_dws_per_add_his_dcaddr	公民身份与地址的关系全量汇总表	totle_count	string	10
nb_app_dws_per_add_his_dcaddr	公民身份与地址的关系全量汇总表	totle_days	string	11
nb_app_dws_per_add_his_dcschool	公民身份与学校的关系全量汇总表	cert_type	string	1
nb_app_dws_per_add_his_dcschool	公民身份与学校的关系全量汇总表	cert_num	string	2
nb_app_dws_per_add_his_dcschool	公民身份与学校的关系全量汇总表	school_no	string	3
nb_app_dws_per_add_his_dcschool	公民身份与学校的关系全量汇总表	school_name	string	4
nb_app_dws_per_add_his_dcschool	公民身份与学校的关系全量汇总表	rel_type	string	5
nb_app_dws_per_add_his_dcschool	公民身份与学校的关系全量汇总表	school_addr	string	6
nb_app_dws_per_add_his_dcschool	公民身份与学校的关系全量汇总表	admission_time	string	7
nb_app_dws_per_add_his_dcschool	公民身份与学校的关系全量汇总表	graduation_time	string	8
nb_app_dws_per_add_his_dcschool	公民身份与学校的关系全量汇总表	grade	string	9
nb_app_dws_per_add_his_dcschool	公民身份与学校的关系全量汇总表	class	string	10
nb_app_dws_per_add_his_dcschool	公民身份与学校的关系全量汇总表	totle_count	string	13
nb_app_dws_per_add_his_dcschool	公民身份与学校的关系全量汇总表	totle_days	string	14
nb_app_dws_per_add_his_dcschool	公民身份与学校的关系全量汇总表	first_time	string	15
nb_app_dws_per_add_his_dcschool	公民身份与学校的关系全量汇总表	last_time	string	16
nb_app_dws_res_res_his_mobilemobile	手机号与手机号的关系全量汇总表	mob	string	1
nb_app_dws_res_res_his_mobilemobile	手机号与手机号的关系全量汇总表	rel_mob	string	2
nb_app_dws_res_res_his_mobilemobile	手机号与手机号的关系全量汇总表	rel_type	string	3
nb_app_dws_res_res_his_mobilemobile	手机号与手机号的关系全量汇总表	last_dis_place	string	4
nb_app_dws_res_res_his_mobilemobile	手机号与手机号的关系全量汇总表	first_time	string	5
nb_app_dws_res_res_his_mobilemobile	手机号与手机号的关系全量汇总表	last_time	string	6
nb_app_dws_res_res_his_mobilemobile	手机号与手机号的关系全量汇总表	totle_count	string	7
nb_app_dws_res_res_his_mobilemobile	手机号与手机号的关系全量汇总表	totle_days	string	8
nb_app_dws_res_res_his_imsiimsi	IMSI与IMSI的关系全量汇总表	imsi	string	1
nb_app_dws_res_res_his_imsiimsi	IMSI与IMSI的关系全量汇总表	rel_imsi	string	2
nb_app_dws_res_res_his_imsiimsi	IMSI与IMSI的关系全量汇总表	rel_type	string	3
nb_app_dws_res_res_his_imsiimsi	IMSI与IMSI的关系全量汇总表	last_dis_place	string	4
nb_app_dws_res_res_his_imsiimsi	IMSI与IMSI的关系全量汇总表	first_time	string	5
nb_app_dws_res_res_his_imsiimsi	IMSI与IMSI的关系全量汇总表	last_time	string	6
nb_app_dws_res_res_his_imsiimsi	IMSI与IMSI的关系全量汇总表	totle_count	string	7
nb_app_dws_res_res_his_imsiimsi	IMSI与IMSI的关系全量汇总表	totle_days	string	8
nb_app_dws_res_res_his_message	手机号与手机号的短信关系全量汇总表	mob	string	1
nb_app_dws_res_res_his_message	手机号与手机号的短信关系全量汇总表	rel_mob	string	2
nb_app_dws_res_res_his_message	手机号与手机号的短信关系全量汇总表	send_count	string	3
nb_app_dws_res_res_his_message	手机号与手机号的短信关系全量汇总表	send_days	string	4
nb_app_dws_res_res_his_message	手机号与手机号的短信关系全量汇总表	recv_count	string	5
nb_app_dws_res_res_his_message	手机号与手机号的短信关系全量汇总表	recv_days	string	6
nb_app_dws_res_res_his_message	手机号与手机号的短信关系全量汇总表	rel_send_count	string	7
nb_app_dws_res_res_his_message	手机号与手机号的短信关系全量汇总表	rel_send_days	string	8
nb_app_dws_res_res_his_message	手机号与手机号的短信关系全量汇总表	rel_recv_count	string	9
nb_app_dws_res_res_his_message	手机号与手机号的短信关系全量汇总表	rel_recv_days	string	10
nb_app_dws_res_res_his_message	手机号与手机号的短信关系全量汇总表	last_dis_place	string	11
nb_app_dws_res_res_his_message	手机号与手机号的短信关系全量汇总表	first_time	string	12
nb_app_dws_res_res_his_message	手机号与手机号的短信关系全量汇总表	last_time	string	13
nb_app_dws_res_res_his_mobileimei	手机号与IMEI的关系全量汇总表	mob	string	1
nb_app_dws_res_res_his_mobileimei	手机号与IMEI的关系全量汇总表	imei	string	2
nb_app_dws_res_res_his_mobileimei	手机号与IMEI的关系全量汇总表	rel_type	string	3
nb_app_dws_res_res_his_mobileimei	手机号与IMEI的关系全量汇总表	last_dis_place	string	4
nb_app_dws_res_res_his_mobileimei	手机号与IMEI的关系全量汇总表	first_time	string	5
nb_app_dws_res_res_his_mobileimei	手机号与IMEI的关系全量汇总表	last_time	string	6
nb_app_dws_res_res_his_mobileimei	手机号与IMEI的关系全量汇总表	totle_count	string	7
nb_app_dws_res_res_his_mobileimei	手机号与IMEI的关系全量汇总表	totle_days	string	8
nb_app_dws_per_per_his_fri_wx	微信与微信的好友关系全量汇总表	wxid	string	1
nb_app_dws_per_per_his_fri_wx	微信与微信的好友关系全量汇总表	wx	string	2
nb_app_dws_per_per_his_fri_wx	微信与微信的好友关系全量汇总表	rel_wxid	string	3
nb_app_dws_per_per_his_fri_wx	微信与微信的好友关系全量汇总表	rel_wx	string	4
nb_app_dws_per_per_his_fri_wx	微信与微信的好友关系全量汇总表	rel_type	string	5
nb_app_dws_per_per_his_fri_wx	微信与微信的好友关系全量汇总表	rel_group	string	6
nb_app_dws_per_per_his_fri_wx	微信与微信的好友关系全量汇总表	rel_remark	string	7
nb_app_dws_per_per_his_fri_wx	微信与微信的好友关系全量汇总表	dis_place	string	8
nb_app_dws_per_per_his_fri_wx	微信与微信的好友关系全量汇总表	first_time	string	9
nb_app_dws_per_per_his_fri_wx	微信与微信的好友关系全量汇总表	last_time	string	10
nb_app_dws_add_cas_his_addrcase	案件和地址的关系全量汇总表	orig_addr	string	3
nb_app_dws_add_cas_his_addrcase	案件和地址的关系全量汇总表	case_no	string	4
nb_app_dws_add_cas_his_addrcase	案件和地址的关系全量汇总表	rel_type	string	5
nb_app_dws_add_cas_his_addrcase	案件和地址的关系全量汇总表	last_dis_place	string	6
nb_app_dws_add_cas_his_addrcase	案件和地址的关系全量汇总表	first_time	string	7
nb_app_dws_add_cas_his_addrcase	案件和地址的关系全量汇总表	last_time	string	8
nb_app_dws_add_cas_his_addrcase	案件和地址的关系全量汇总表	totle_count	string	9
nb_app_dws_add_cas_his_addrcase	案件和地址的关系全量汇总表	totle_days	string	10
nb_app_dws_res_res_his_mobileimsi	手机与IMSI的关系全量汇总表	imsi	string	1
nb_app_dws_res_res_his_mobileimsi	手机与IMSI的关系全量汇总表	mob	string	2
nb_app_dws_res_res_his_mobileimsi	手机与IMSI的关系全量汇总表	rel_type	string	3
nb_app_dws_res_res_his_mobileimsi	手机与IMSI的关系全量汇总表	last_dis_place	string	4
nb_app_dws_res_res_his_mobileimsi	手机与IMSI的关系全量汇总表	first_time	string	5
nb_app_dws_res_res_his_mobileimsi	手机与IMSI的关系全量汇总表	last_time	string	6
nb_app_dws_res_res_his_mobileimsi	手机与IMSI的关系全量汇总表	totle_count	string	7
nb_app_dws_res_res_his_mobileimsi	手机与IMSI的关系全量汇总表	totle_days	string	8
nb_app_dws_res_res_his_mobilecall	手机号与手机号的通话关系全量汇总表	mob	string	1
nb_app_dws_res_res_his_mobilecall	手机号与手机号的通话关系全量汇总表	rel_mob	string	2
nb_app_dws_res_res_his_mobilecall	手机号与手机号的通话关系全量汇总表	call_dur	string	3
nb_app_dws_res_res_his_mobilecall	手机号与手机号的通话关系全量汇总表	send_count	string	4
nb_app_dws_res_res_his_mobilecall	手机号与手机号的通话关系全量汇总表	send_days	string	5
nb_app_dws_res_res_his_mobilecall	手机号与手机号的通话关系全量汇总表	recv_count	string	6
nb_app_dws_res_res_his_mobilecall	手机号与手机号的通话关系全量汇总表	recv_days	string	7
nb_app_dws_res_res_his_mobilecall	手机号与手机号的通话关系全量汇总表	rel_send_count	string	8
nb_app_dws_res_res_his_mobilecall	手机号与手机号的通话关系全量汇总表	rel_send_days	string	9
nb_app_dws_res_res_his_mobilecall	手机号与手机号的通话关系全量汇总表	rel_recv_count	string	10
nb_app_dws_res_res_his_mobilecall	手机号与手机号的通话关系全量汇总表	rel_recv_days	string	11
nb_app_dws_res_res_his_mobilecall	手机号与手机号的通话关系全量汇总表	rel_type	string	12
nb_app_dws_res_res_his_mobilecall	手机号与手机号的通话关系全量汇总表	last_dis_place	string	13
nb_app_dws_res_res_his_mobilecall	手机号与手机号的通话关系全量汇总表	first_time	string	14
nb_app_dws_res_res_his_mobilecall	手机号与手机号的通话关系全量汇总表	last_time	string	15
nb_app_dws_per_org_his_dccpy	公民身份与企事业单位的关系全量汇总表	md_id	string	0
nb_app_dws_per_org_his_dccpy	公民身份与企事业单位的关系全量汇总表	cert_type	string	1
nb_app_dws_per_org_his_dccpy	公民身份与企事业单位的关系全量汇总表	cert_num	string	2
nb_app_dws_per_org_his_dccpy	公民身份与企事业单位的关系全量汇总表	company_id	string	3
nb_app_dws_per_org_his_dccpy	公民身份与企事业单位的关系全量汇总表	company_name	string	4
nb_app_dws_per_org_his_dccpy	公民身份与企事业单位的关系全量汇总表	emp_date_fs	string	5
nb_app_dws_per_org_his_dccpy	公民身份与企事业单位的关系全量汇总表	dep_date_fs	string	6
nb_app_dws_per_org_his_dccpy	公民身份与企事业单位的关系全量汇总表	depart	string	7
nb_app_dws_per_org_his_dccpy	公民身份与企事业单位的关系全量汇总表	prof	string	8
nb_app_dws_per_org_his_dccpy	公民身份与企事业单位的关系全量汇总表	position	string	9
nb_app_dws_per_org_his_dccpy	公民身份与企事业单位的关系全量汇总表	salary	string	10
nb_app_dws_per_org_his_dccpy	公民身份与企事业单位的关系全量汇总表	rel_type	string	11
nb_app_dws_per_org_his_dccpy	公民身份与企事业单位的关系全量汇总表	last_dis_place	string	12
nb_app_dws_per_org_his_dccpy	公民身份与企事业单位的关系全量汇总表	first_time	string	13
nb_app_dws_per_org_his_dccpy	公民身份与企事业单位的关系全量汇总表	last_time	string	14
nb_app_dws_per_org_his_dccpy	公民身份与企事业单位的关系全量汇总表	totle_count	string	15
nb_app_dws_per_org_his_dccpy	公民身份与企事业单位的关系全量汇总表	totle_days	string	16
nb_app_dws_per_res_his_dchouse	公民身份与房屋的关系全量汇总表	cert_type	string	1
nb_app_dws_per_res_his_dchouse	公民身份与房屋的关系全量汇总表	cert_num	string	2
nb_app_dws_per_res_his_dchouse	公民身份与房屋的关系全量汇总表	mob	string	3
nb_app_dws_per_res_his_dchouse	公民身份与房屋的关系全量汇总表	house_no	string	4
nb_app_dws_per_res_his_dchouse	公民身份与房屋的关系全量汇总表	house_addr	string	5
nb_app_dws_per_res_his_dchouse	公民身份与房屋的关系全量汇总表	rent_begin_time	string	6
nb_app_dws_per_res_his_dchouse	公民身份与房屋的关系全量汇总表	rent_end_time	string	7
nb_app_dws_per_res_his_dchouse	公民身份与房屋的关系全量汇总表	house_tran_time	string	8
nb_app_dws_per_res_his_dchouse	公民身份与房屋的关系全量汇总表	house_tran_price	string	9
nb_app_dws_per_res_his_dchouse	公民身份与房屋的关系全量汇总表	rel_type	string	10
nb_app_dws_per_res_his_dchouse	公民身份与房屋的关系全量汇总表	last_dis_place	string	11
nb_app_dws_per_res_his_dchouse	公民身份与房屋的关系全量汇总表	first_time	string	12
nb_app_dws_per_res_his_dchouse	公民身份与房屋的关系全量汇总表	last_time	string	13
nb_app_dws_per_res_his_dchouse	公民身份与房屋的关系全量汇总表	totle_count	string	14
nb_app_dws_per_res_his_dchouse	公民身份与房屋的关系全量汇总表	totle_days	string	15
nb_app_dws_per_res_his_dcothercard	公民身份与其它证件的关系全量汇总表	cert_type	string	1
nb_app_dws_per_res_his_dcothercard	公民身份与其它证件的关系全量汇总表	cert_num	string	2
nb_app_dws_per_res_his_dcothercard	公民身份与其它证件的关系全量汇总表	other_cert_type	string	3
nb_app_dws_per_res_his_dcothercard	公民身份与其它证件的关系全量汇总表	other_cert_num	string	4
nb_app_dws_per_res_his_dcothercard	公民身份与其它证件的关系全量汇总表	rel_type	string	5
nb_app_dws_per_res_his_dcothercard	公民身份与其它证件的关系全量汇总表	last_dis_place	string	6
nb_app_dws_per_res_his_dcothercard	公民身份与其它证件的关系全量汇总表	first_time	string	7
nb_app_dws_per_res_his_dcothercard	公民身份与其它证件的关系全量汇总表	last_time	string	8
nb_app_dws_per_res_his_dcothercard	公民身份与其它证件的关系全量汇总表	totle_count	string	9
nb_app_dws_per_res_his_dcothercard	公民身份与其它证件的关系全量汇总表	totle_days	string	10
nb_app_dws_per_per_his_dcacc	公民身份与用户账号的关系全量汇总表	cert_type	string	1
nb_app_dws_per_per_his_dcacc	公民身份与用户账号的关系全量汇总表	cert_num	string	2
nb_app_dws_per_per_his_dcacc	公民身份与用户账号的关系全量汇总表	domain	string	3
nb_app_dws_per_per_his_dcacc	公民身份与用户账号的关系全量汇总表	vt_type	string	4
nb_app_dws_per_per_his_dcacc	公民身份与用户账号的关系全量汇总表	user_acc	string	5
nb_app_dws_per_per_his_dcacc	公民身份与用户账号的关系全量汇总表	rel_type	string	6
nb_app_dws_per_per_his_dcacc	公民身份与用户账号的关系全量汇总表	last_dis_place	string	7
nb_app_dws_per_per_his_dcacc	公民身份与用户账号的关系全量汇总表	first_time	string	8
nb_app_dws_per_per_his_dcacc	公民身份与用户账号的关系全量汇总表	last_time	string	9
nb_app_dws_per_per_his_dcacc	公民身份与用户账号的关系全量汇总表	totle_count	string	10
nb_app_dws_per_per_his_dcacc	公民身份与用户账号的关系全量汇总表	totle_days	string	11
nb_app_dws_res_res_his_mailing	手机号和手机号的寄递关系全量汇总表	mob	string	1
nb_app_dws_res_res_his_mailing	手机号和手机号的寄递关系全量汇总表	rel_mob	string	2
nb_app_dws_res_res_his_mailing	手机号和手机号的寄递关系全量汇总表	first_maling_time	string	3
nb_app_dws_res_res_his_mailing	手机号和手机号的寄递关系全量汇总表	last_maling_time	string	4
nb_app_dws_res_res_his_mailing	手机号和手机号的寄递关系全量汇总表	send_count	string	5
nb_app_dws_res_res_his_mailing	手机号和手机号的寄递关系全量汇总表	recv_count	string	6
nb_app_dws_res_res_his_mailing	手机号和手机号的寄递关系全量汇总表	rel_send_count	string	7
nb_app_dws_res_res_his_mailing	手机号和手机号的寄递关系全量汇总表	rel_recv_count	string	8
nb_app_dws_res_res_his_mailing	手机号和手机号的寄递关系全量汇总表	last_dis_place	string	9
nb_app_dws_res_res_his_mailing	手机号和手机号的寄递关系全量汇总表	first_time	string	10
nb_app_dws_res_res_his_mailing	手机号和手机号的寄递关系全量汇总表	last_time	string	11
nb_app_dws_cas_res_his_vehcas	案件与机动车的关系全量汇总表	case_no	string	1
nb_app_dws_cas_res_his_vehcas	案件与机动车的关系全量汇总表	veh_no	string	2
nb_app_dws_cas_res_his_vehcas	案件与机动车的关系全量汇总表	veh_lic_tcode	string	3
nb_app_dws_cas_res_his_vehcas	案件与机动车的关系全量汇总表	veh_plate_num	string	4
nb_app_dws_cas_res_his_vehcas	案件与机动车的关系全量汇总表	dis_place	string	5
nb_app_dws_cas_res_his_vehcas	案件与机动车的关系全量汇总表	upd_time	string	7
nb_app_dws_per_per_his_tr_uidacc	用户ID与用户账号关系全量汇总表	md_id	string	0
nb_app_dws_per_per_his_tr_uidacc	用户ID与用户账号关系全量汇总表	domain	string	1
nb_app_dws_per_per_his_tr_uidacc	用户ID与用户账号关系全量汇总表	vt_type	string	2
nb_app_dws_per_per_his_tr_uidacc	用户ID与用户账号关系全量汇总表	userid	string	3
nb_app_dws_per_per_his_tr_uidacc	用户ID与用户账号关系全量汇总表	rel_user_acc	string	4
nb_app_dws_per_per_his_tr_uidacc	用户ID与用户账号关系全量汇总表	last_dis_place	string	5
nb_app_dws_per_per_his_tr_uidacc	用户ID与用户账号关系全量汇总表	first_time	string	6
nb_app_dws_per_per_his_tr_uidacc	用户ID与用户账号关系全量汇总表	last_time	string	7
nb_app_dws_per_per_his_tr_uidacc	用户ID与用户账号关系全量汇总表	totle_count	string	8
nb_app_dws_per_per_his_tr_uidacc	用户ID与用户账号关系全量汇总表	totle_days	string	9
nb_app_dws_per_add_his_dcnetbar	公民身份与网吧的关系全量汇总表	cert_num	string	1
nb_app_dws_per_add_his_dcnetbar	公民身份与网吧的关系全量汇总表	int_bar_no	string	2
nb_app_dws_per_add_his_dcnetbar	公民身份与网吧的关系全量汇总表	int_bar_login_time	string	3
nb_app_dws_per_add_his_dcnetbar	公民身份与网吧的关系全量汇总表	int_bar_logout_time	string	4
nb_app_dws_per_add_his_dcnetbar	公民身份与网吧的关系全量汇总表	first_time	string	5
nb_app_dws_per_add_his_dcnetbar	公民身份与网吧的关系全量汇总表	last_time	string	6
nb_app_dws_per_add_his_dcnetbar	公民身份与网吧的关系全量汇总表	totle_count	string	7
nb_app_dws_per_add_his_dcnetbar	公民身份与网吧的关系全量汇总表	totle_days	string	8
nb_app_dws_per_res_his_dcorder	公民身份与订单的关系全量汇总表	cert_type	string	2
nb_app_dws_per_res_his_dcorder	公民身份与订单的关系全量汇总表	cert_num	string	3
nb_app_dws_per_res_his_dcorder	公民身份与订单的关系全量汇总表	order_no	string	4
nb_app_dws_per_res_his_dcorder	公民身份与订单的关系全量汇总表	order_type	string	5
nb_app_dws_per_res_his_dcorder	公民身份与订单的关系全量汇总表	order_time	string	6
nb_app_dws_per_res_his_dcorder	公民身份与订单的关系全量汇总表	app_type	string	7
nb_app_dws_per_res_his_dcorder	公民身份与订单的关系全量汇总表	user_name	string	8
nb_app_dws_per_res_his_dcorder	公民身份与订单的关系全量汇总表	user_id	string	9
nb_app_dws_per_res_his_dcorder	公民身份与订单的关系全量汇总表	last_dis_place	string	10
nb_app_dws_per_res_his_dcorder	公民身份与订单的关系全量汇总表	first_time	string	11
nb_app_dws_per_res_his_dcorder	公民身份与订单的关系全量汇总表	last_time	string	12
nb_app_dws_per_res_his_dcorder	公民身份与订单的关系全量汇总表	totle_count	string	13
nb_app_dws_per_res_his_dcorder	公民身份与订单的关系全量汇总表	totle_days	string	14
nb_app_dws_per_res_his_dchousehold	公民身份与户籍的关系全量汇总表	cert_type	string	1
nb_app_dws_per_res_his_dchousehold	公民身份与户籍的关系全量汇总表	cert_num	string	2
nb_app_dws_per_res_his_dchousehold	公民身份与户籍的关系全量汇总表	domic_num	string	3
nb_app_dws_per_res_his_dchousehold	公民身份与户籍的关系全量汇总表	hou_head_rel	string	4
nb_app_dws_per_res_his_dchousehold	公民身份与户籍的关系全量汇总表	domic_type	string	5
nb_app_dws_per_res_his_dchousehold	公民身份与户籍的关系全量汇总表	domic_nature	string	6
nb_app_dws_per_res_his_dchousehold	公民身份与户籍的关系全量汇总表	domic_addr	string	7
nb_app_dws_per_res_his_dchousehold	公民身份与户籍的关系全量汇总表	domic_adm_div	string	8
nb_app_dws_per_res_his_dchousehold	公民身份与户籍的关系全量汇总表	move_in_date_fs	string	9
nb_app_dws_per_res_his_dchousehold	公民身份与户籍的关系全量汇总表	move_out_date_fs	string	10
nb_app_dws_per_res_his_dchousehold	公民身份与户籍的关系全量汇总表	rel_type	string	11
nb_app_dws_per_res_his_dchousehold	公民身份与户籍的关系全量汇总表	last_dis_place	string	12
nb_app_dws_per_res_his_dchousehold	公民身份与户籍的关系全量汇总表	first_time	string	13
nb_app_dws_per_res_his_dchousehold	公民身份与户籍的关系全量汇总表	last_time	string	14
nb_app_dws_per_res_his_dchousehold	公民身份与户籍的关系全量汇总表	totle_count	string	15
nb_app_dws_per_res_his_dchousehold	公民身份与户籍的关系全量汇总表	totle_days	string	16
nb_app_dws_per_res_his_dchousehold	公民身份与户籍的关系全量汇总表	move_in_reason	string	20
nb_app_dws_per_res_his_dchousehold	公民身份与户籍的关系全量汇总表	move_out_reason	string	21
nb_app_dws_per_res_his_dchousehold	公民身份与户籍的关系全量汇总表	status	string	22
nb_app_dws_per_per_his_dcfr	公民身份与公民身份的亲属关系全量汇总表	cert_type	string	1
nb_app_dws_per_per_his_dcfr	公民身份与公民身份的亲属关系全量汇总表	cert_num	string	2
nb_app_dws_per_per_his_dcfr	公民身份与公民身份的亲属关系全量汇总表	rel_cert_type	string	3
nb_app_dws_per_per_his_dcfr	公民身份与公民身份的亲属关系全量汇总表	rel_cert_num	string	4
nb_app_dws_per_per_his_dcfr	公民身份与公民身份的亲属关系全量汇总表	rel_type	string	5
nb_app_dws_per_per_his_dcfr	公民身份与公民身份的亲属关系全量汇总表	last_dis_place	string	6
nb_app_dws_per_per_his_dcfr	公民身份与公民身份的亲属关系全量汇总表	first_time	string	7
nb_app_dws_per_per_his_dcfr	公民身份与公民身份的亲属关系全量汇总表	last_time	string	8
nb_app_dws_per_per_his_dcfr	公民身份与公民身份的亲属关系全量汇总表	totle_count	string	9
nb_app_dws_per_per_his_dcfr	公民身份与公民身份的亲属关系全量汇总表	totle_days	string	10
ods_pol_per_keyper_info	重点人员信息	key_per_no	string	10
ods_pol_per_keyper_info	重点人员信息	name	string	11
ods_pol_per_keyper_info	重点人员信息	name_spell	string	12
ods_pol_per_keyper_info	重点人员信息	for_name	string	13
ods_pol_per_keyper_info	重点人员信息	cert_no	string	14
ods_pol_per_keyper_info	重点人员信息	sex_desig	string	19
ods_pol_per_keyper_info	重点人员信息	birth_date	string	20
ods_pol_per_keyper_info	重点人员信息	nation_desig	string	22
ods_pol_per_keyper_info	重点人员信息	nation_name	string	25
ods_pol_per_keyper_info	重点人员信息	native_addi_name	string	26
ods_pol_per_keyper_info	重点人员信息	domic_admin_name	string	28
ods_pol_per_keyper_info	重点人员信息	domic_door_deta_addr	string	29
ods_pol_per_keyper_info	重点人员信息	domi_police_desig	string	30
ods_pol_per_keyper_info	重点人员信息	resid_admin_name	string	33
ods_pol_per_keyper_info	重点人员信息	resid_door_deta_addr	string	34
ods_pol_per_keyper_info	重点人员信息	comp_addr_addr_name	string	37
ods_pol_per_keyper_info	重点人员信息	keyper_type	string	41
ods_pol_per_keyper_info	重点人员信息	key_per_per_type_code	string	42
ods_pol_per_keyper_info	重点人员信息	key_per_per_type_name	string	43
ods_pol_per_keyper_info	重点人员信息	case_date	string	48
ods_pol_per_keyper_info	重点人员信息	fur_name	string	66
ods_pol_per_keyper_info	重点人员信息	alias	string	67
ods_pol_per_keyper_info	重点人员信息	educ_code	string	68
ods_pol_per_keyper_info	重点人员信息	ctct_tel	string	69
ods_pol_per_keyper_info	重点人员信息	pat_num	string	70
ods_pol_per_keyper_info	重点人员信息	case_no	string	74
ods_pol_per_keyper_info	重点人员信息	case_type_code	string	75
ods_pol_per_keyper_info	重点人员信息	undo_mng_judge_flag	string	76
ods_pol_per_keyper_info	重点人员信息	canman_date	string	77
ods_pol_per_keyper_info	重点人员信息	bus_tag_flag	string	86
ods_pol_per_keyper_info	重点人员信息	beh_tag_flag	string	87
ods_pol_per_keyper_info	重点人员信息	miscon_judge_flag	string	88
ods_pol_per_keyper_info	重点人员信息	effe_judge_flag	string	89
ods_pol_per_keyper_info	重点人员信息	key_per_type_ident	string	90
ods_pol_per_keyper_info	重点人员信息	key_per_dettyp_code	string	91
ods_pol_dct_druper_basinf	涉毒人员基本信息	wade_drug_per_seri_num	string	10
ods_pol_dct_druper_basinf	涉毒人员基本信息	orig_wade_drug_per_seri_num	string	11
ods_pol_dct_druper_basinf	涉毒人员基本信息	wade_drug_per_no	string	12
ods_pol_dct_druper_basinf	涉毒人员基本信息	name	string	13
ods_pol_dct_druper_basinf	涉毒人员基本信息	alias	string	14
ods_pol_dct_druper_basinf	涉毒人员基本信息	sex_desig	string	18
ods_pol_dct_druper_basinf	涉毒人员基本信息	nation_desig	string	20
ods_pol_dct_druper_basinf	涉毒人员基本信息	birth_date	string	21
ods_pol_dct_druper_basinf	涉毒人员基本信息	comm_cert_name	string	23
ods_pol_dct_druper_basinf	涉毒人员基本信息	cred_num	string	24
ods_pol_dct_druper_basinf	涉毒人员基本信息	ctct_tel	string	28
ods_pol_dct_druper_basinf	涉毒人员基本信息	self_iden_name	string	31
ods_pol_dct_druper_basinf	涉毒人员基本信息	nation_name	string	33
ods_pol_dct_druper_basinf	涉毒人员基本信息	mar_sta_name	string	35
ods_pol_dct_druper_basinf	涉毒人员基本信息	educ_leve_code	string	36
ods_pol_dct_druper_basinf	涉毒人员基本信息	educ_leve_name	string	37
ods_pol_dct_druper_basinf	涉毒人员基本信息	escap_tname	string	47
ods_pol_dct_druper_basinf	涉毒人员基本信息	domic_admin_name	string	51
ods_pol_dct_druper_basinf	涉毒人员基本信息	domic_addi_detail_addr	string	52
ods_pol_dct_druper_basinf	涉毒人员基本信息	actu_live_addr_admin_name	string	56
ods_pol_dct_druper_basinf	涉毒人员基本信息	actu_live_addr_addr_name	string	57
ods_pol_dct_druper_basinf	涉毒人员基本信息	drug_judge_flag	string	63
ods_pol_dct_druper_basinf	涉毒人员基本信息	wade_drug_per_tname	string	77
ods_pol_dct_druper_basinf	涉毒人员基本信息	case_no	string	78
ods_pol_dct_druper_basinf	涉毒人员基本信息	cert_no	string	104
ods_pol_dct_druper_basinf	涉毒人员基本信息	prof	string	105
ods_pol_dct_druper_basinf	涉毒人员基本信息	higris_per_judge_flag	string	110
ods_pol_dct_druper_basinf	涉毒人员基本信息	tarcas_per_judge_flag	string	111
ods_pol_dct_druper_basinf	涉毒人员基本信息	drug_rese_pers_judge_flag	string	112
ods_pol_dct_druper_basinf	涉毒人员基本信息	princ_judge_flag	string	113
ods_pol_pri_drutrpla_pers_info	戒毒所人员信息	drug_trea_place_no	string	10
ods_pol_pri_drutrpla_pers_info	戒毒所人员信息	drug_trea_place_desig	string	11
ods_pol_pri_drutrpla_pers_info	戒毒所人员信息	name	string	14
ods_pol_pri_drutrpla_pers_info	戒毒所人员信息	sex_desig	string	17
ods_pol_pri_drutrpla_pers_info	戒毒所人员信息	birth_date	string	18
ods_pol_pri_drutrpla_pers_info	戒毒所人员信息	birth_addr_zone_name	string	20
ods_pol_pri_drutrpla_pers_info	戒毒所人员信息	comm_cert_code	string	21
ods_pol_pri_drutrpla_pers_info	戒毒所人员信息	comm_cert_name	string	22
ods_pol_pri_drutrpla_pers_info	戒毒所人员信息	cred_num	string	23
ods_pol_pri_drutrpla_pers_info	戒毒所人员信息	nation_desig	string	25
ods_pol_pri_drutrpla_pers_info	戒毒所人员信息	educ_leve_name	string	27
ods_pol_pri_drutrpla_pers_info	戒毒所人员信息	nation_name	string	29
ods_pol_pri_drutrpla_pers_info	戒毒所人员信息	mar_sta_name	string	33
ods_pol_pri_drutrpla_pers_info	戒毒所人员信息	prof_tname	string	35
ods_pol_pri_drutrpla_pers_info	戒毒所人员信息	self_iden_name	string	37
ods_pol_pri_drutrpla_pers_info	戒毒所人员信息	native_addi_name	string	41
ods_pol_pri_drutrpla_pers_info	戒毒所人员信息	domic_admin_name	string	43
ods_pol_pri_drutrpla_pers_info	戒毒所人员信息	domic_addr_name	string	46
ods_pol_pri_drutrpla_pers_info	戒毒所人员信息	pred_addr_name	string	48
ods_pol_pri_drutrpla_pers_info	戒毒所人员信息	ente_stat_date	string	70
ods_pol_pri_drutrpla_pers_info	戒毒所人员信息	drug_trea_room_no	string	81
ods_pol_pri_drutrpla_pers_info	戒毒所人员信息	out_pris_date	string	85
ods_pol_pri_drutre_outper_info	戒毒所出所人员信息	name	string	11
ods_pol_pri_drutre_outper_info	戒毒所出所人员信息	cert_no	string	12
ods_pol_pri_drutre_outper_info	戒毒所出所人员信息	priso_no	string	14
ods_pol_pri_drutre_outper_info	戒毒所出所人员信息	priso_desig	string	15
ods_pol_pri_drutre_outper_info	戒毒所出所人员信息	out_pris_time_room_no	string	18
ods_pol_pri_drutre_outper_info	戒毒所出所人员信息	out_pris_date	string	23
ods_pol_pri_drutre_outper_info	戒毒所出所人员信息	leasta_time	string	24
ods_pol_pri_drutre_outper_info	戒毒所出所人员信息	out_time_dete_start_date	string	25
ods_pol_pri_drutre_outper_info	戒毒所出所人员信息	out_time_dete_due_date	string	26
ods_pol_crim_dethou_detes_info	拘留所在押人员信息	ente_stat_no	string	12
ods_pol_crim_dethou_detes_info	拘留所在押人员信息	name	string	13
ods_pol_crim_dethou_detes_info	拘留所在押人员信息	sex_desig	string	17
ods_pol_crim_dethou_detes_info	拘留所在押人员信息	birth_date	string	18
ods_pol_crim_dethou_detes_info	拘留所在押人员信息	comm_cert_code	string	19
ods_pol_crim_dethou_detes_info	拘留所在押人员信息	comm_cert_name	string	20
ods_pol_crim_dethou_detes_info	拘留所在押人员信息	cred_num	string	21
ods_pol_crim_dethou_detes_info	拘留所在押人员信息	nation_desig	string	23
ods_pol_crim_dethou_detes_info	拘留所在押人员信息	educ_leve_name	string	25
ods_pol_crim_dethou_detes_info	拘留所在押人员信息	nation_name	string	27
ods_pol_crim_dethou_detes_info	拘留所在押人员信息	mar_sta_code	string	31
ods_pol_crim_dethou_detes_info	拘留所在押人员信息	prof	string	32
ods_pol_crim_dethou_detes_info	拘留所在押人员信息	birth_addr_zone_name	string	36
ods_pol_crim_dethou_detes_info	拘留所在押人员信息	native_addi_name	string	38
ods_pol_crim_dethou_detes_info	拘留所在押人员信息	domic_admin_name	string	40
ods_pol_crim_dethou_detes_info	拘留所在押人员信息	pred_admin_name	string	48
ods_pol_crim_dethou_detes_info	拘留所在押人员信息	pred_addr_name	string	49
ods_pol_crim_dethou_detes_info	拘留所在押人员信息	ente_stat_date	string	76
ods_pol_crim_dethou_detes_info	拘留所在押人员信息	deten_type	string	77
ods_pol_crim_dethou_detes_info	拘留所在押人员信息	out_pris_date	string	88
ods_pol_crim_dethou_detes_info	拘留所在押人员信息	key_detain_judge_flag	string	114
ods_pol_pri_detesta_outper_info	拘留所出所人员信息	detsta_no	string	11
ods_pol_pri_detesta_outper_info	拘留所出所人员信息	detsta_desig	string	12
ods_pol_pri_detesta_outper_info	拘留所出所人员信息	person_no	string	13
ods_pol_pri_detesta_outper_info	拘留所出所人员信息	name	string	14
ods_pol_pri_detesta_outper_info	拘留所出所人员信息	cert_no	string	15
ods_pol_pri_detesta_outper_info	拘留所出所人员信息	out_pris_date	string	18
ods_pol_pri_detesta_outper_info	拘留所出所人员信息	out_time_dete_start_date	string	19
ods_pol_pri_detesta_outper_info	拘留所出所人员信息	out_time_dete_due_date	string	20
ods_pol_pri_dethou_detees_info	看守所在押人员信息	deten_hou_no	string	10
ods_pol_pri_dethou_detees_info	看守所在押人员信息	deten_hou_desig	string	11
ods_pol_pri_dethou_detees_info	看守所在押人员信息	deten_date	string	23
ods_pol_pri_dethou_detees_info	看守所在押人员信息	out_pris_date	string	36
ods_pol_pri_dethou_detees_info	看守所在押人员信息	monroo_no	string	39
ods_pol_pri_dethou_detees_info	看守所在押人员信息	name	string	67
ods_pol_pri_dethou_detees_info	看守所在押人员信息	sex_desig	string	70
ods_pol_pri_dethou_detees_info	看守所在押人员信息	birth_date	string	71
ods_pol_pri_dethou_detees_info	看守所在押人员信息	cred_num	string	72
ods_pol_pri_dethou_detees_info	看守所在押人员信息	comm_cert_code	string	73
ods_pol_pri_dethou_detees_info	看守所在押人员信息	brief_case	string	115
ods_pol_pri_dethou_detees_info	看守所在押人员信息	felon_judge_flag	string	117
ods_pol_pri_dethou_detees_info	看守所在押人员信息	ente_stat_date	string	131
ods_pol_pri_detsta_outper_info	看守所出所人员信息	deten_hou_no	string	10
ods_pol_pri_detsta_outper_info	看守所出所人员信息	deten_hou_desig	string	11
ods_pol_pri_detsta_outper_info	看守所出所人员信息	person_no	string	12
ods_pol_pri_detsta_outper_info	看守所出所人员信息	name	string	13
ods_pol_pri_detsta_outper_info	看守所出所人员信息	cert_no	string	14
ods_pol_pri_detsta_outper_info	看守所出所人员信息	ackn_out_pris_date	string	18
ods_pol_pri_detsta_outper_info	看守所出所人员信息	back_prison_date	string	19
ods_ywtycb_qyzcxx	一网通一次办企业注册信息	qy1_mc	string	14
ods_ywtycb_qyzcxx	一网通一次办企业注册信息	qy1_tyshxydm	string	15
ods_gov_sse_ywt_user_info	一网通用户信息表	username	string	11
ods_gov_sse_ywt_user_info	一网通用户信息表	paswor	string	12
ods_gov_sse_ywt_user_info	一网通用户信息表	cert_no	string	13
ods_gov_sse_ywt_user_info	一网通用户信息表	ctct_tel	string	14
ods_gov_sse_ywt_user_info	一网通用户信息表	wechat_num	string	16
ods_gov_sse_ywt_user_info	一网通用户信息表	mic_acc	string	17
ods_ywtycb_new_qyzcxx	一网通一次办企业注册	qy1_mc	string	16
ods_ywtycb_new_qyzcxx	一网通一次办企业注册	qy1_tyshxydm	string	17
ods_ywtycb_new_qyzcxx	一网通一次办企业注册	enterprise_location_address	string	19
ods_ywtycb_new_qyzcxx	一网通一次办企业注册	enterprise_address	string	20
ods_ywtycb_new_qyzcxx	一网通一次办企业注册	enterprise_type	string	21
ods_ywtycb_new_qyzcxx	一网通一次办企业注册	enterprise	string	22
ods_ywtycb_new_qyzcxx	一网通一次办企业注册	fr_xm	string	23
ods_ywtycb_new_qyzcxx	一网通一次办企业注册	fr_zjhm	string	24
ods_ywtycb_new_qyzcxx	一网通一次办企业注册	fr_sfzh	string	27
ods_a_ry_zpxx	照片信息表	zp	string	20
ods_a_ry_zpxx	照片信息表	gmsfhm	string	26
ods_soc_srg_comp_empee_info	企业从业人员信息	name	string	12
ods_soc_srg_comp_empee_info	企业从业人员信息	sex_desig	string	15
ods_soc_srg_comp_empee_info	企业从业人员信息	birth_date	string	16
ods_soc_srg_comp_empee_info	企业从业人员信息	comm_cert_code	string	19
ods_soc_srg_comp_empee_info	企业从业人员信息	comm_cert_name	string	20
ods_soc_srg_comp_empee_info	企业从业人员信息	cred_num	string	21
ods_soc_srg_comp_empee_info	企业从业人员信息	prof_tname	string	23
ods_soc_srg_comp_empee_info	企业从业人员信息	educ_leve_name	string	25
ods_soc_srg_comp_empee_info	企业从业人员信息	acc_loc_addr_name	string	27
ods_soc_srg_comp_empee_info	企业从业人员信息	domic_descr	string	28
ods_soc_srg_comp_empee_info	企业从业人员信息	domic_admin_name	string	30
ods_soc_srg_comp_empee_info	企业从业人员信息	domic_addr_name	string	32
ods_soc_srg_comp_empee_info	企业从业人员信息	domic_door_deta_addr	string	33
ods_soc_srg_comp_empee_info	企业从业人员信息	actu_live_addr_admin_name	string	36
ods_soc_srg_comp_empee_info	企业从业人员信息	actu_live_addr_addr_name	string	37
ods_soc_srg_comp_empee_info	企业从业人员信息	actu_live_addr_door_deta_addr	string	39
ods_soc_srg_comp_empee_info	企业从业人员信息	belo_unit_no	string	44
ods_soc_srg_comp_empee_info	企业从业人员信息	belo_unit_comp_name	string	45
ods_soc_srg_comp_empee_info	企业从业人员信息	entry_time	string	51
ods_soc_srg_comp_empee_info	企业从业人员信息	job_name	string	55
ods_soc_srg_comp_empee_info	企业从业人员信息	sep_time	string	61
ods_soc_srg_comp_empee_info	企业从业人员信息	leaoff_reas	string	63
ods_soc_sbd_employ_info	就业信息	name	string	10
ods_soc_sbd_employ_info	就业信息	cert_no	string	11
ods_soc_sbd_employ_info	就业信息	sex_desig	string	13
ods_soc_sbd_employ_info	就业信息	domic_addr_name	string	15
ods_soc_sbd_employ_info	就业信息	pred_addr_name	string	16
ods_soc_sbd_employ_info	就业信息	educ_leve_name	string	20
ods_gov_edu_scho_info	学校信息	scho_no	string	10
ods_gov_edu_scho_info	学校信息	scho_name	string	11
ods_gov_edu_scho_info	学校信息	his_scho_name	string	12
ods_gov_edu_scho_info	学校信息	scho_addr_name	string	13
ods_gov_edu_scho_info	学校信息	admi_priper_cert_no	string	18
ods_gov_edu_scho_info	学校信息	admi_priper_job_name	string	19
ods_gov_edu_scho_info	学校信息	party_priper_cert_no	string	22
ods_gov_edu_scho_info	学校信息	busi_prin_per_cert_no	string	26
ods_gov_ind_actu_unit	实有单位信息	com_no	string	14
ods_gov_ind_actu_unit	实有单位信息	supe_unit_no	string	15
ods_gov_ind_actu_unit	实有单位信息	soc_credit_code	string	16
ods_gov_ind_actu_unit	实有单位信息	comp_name	string	17
ods_gov_ind_actu_unit	实有单位信息	ind_tname	string	21
ods_gov_ind_actu_unit	实有单位信息	unit_tname	string	23
ods_gov_ind_actu_unit	实有单位信息	legal_name	string	24
ods_gov_ind_actu_unit	实有单位信息	legal_cert_no	string	25
ods_gov_ind_actu_unit	实有单位信息	com_admin_name	string	28
ods_gov_ind_actu_unit	实有单位信息	com_addi_detail_addr	string	29
ods_gov_ind_actu_unit	实有单位信息	com_door_no	string	30
ods_gov_ind_actu_unit	实有单位信息	com_door_deta_addr	string	31
ods_gov_ind_actu_unit	实有单位信息	fore_unit_judge_flag	string	37
ods_gov_ind_actu_unit	实有单位信息	busin_lice_no	string	48
ods_gov_ind_actu_unit	实有单位信息	reg_capiital	string	53
ods_gov_ind_actu_unit	实有单位信息	org_code	string	54
ods_gov_ind_actu_unit	实有单位信息	tax_reg_no	string	55
ods_gov_ind_actu_unit	实有单位信息	busin_range_main	string	56
ods_gov_ind_actu_unit	实有单位信息	busin_meth_name	string	59
ods_gov_ind_actu_unit	实有单位信息	start_busi_date	string	68
ods_gov_ind_actu_unit	实有单位信息	close_date	string	70
ods_gov_ind_actu_unit	实有单位信息	canc_judge_flag	string	85
ods_gov_ind_actu_unit	实有单位信息	canc_reas	string	86
ods_pol_crim_enfo_case_info	案件基本信息	case_no	string	11
ods_pol_crim_enfo_case_info	案件基本信息	pol_case_no	string	12
ods_pol_crim_enfo_case_info	案件基本信息	case_name	string	14
ods_pol_crim_enfo_case_info	案件基本信息	cascla_name	string	16
ods_pol_crim_enfo_case_info	案件基本信息	case_iden	string	28
ods_pol_crim_enfo_case_info	案件基本信息	accep_time	string	34
ods_pol_crim_enfo_case_info	案件基本信息	disc_time	string	35
ods_pol_crim_enfo_case_info	案件基本信息	disc_loca_addi_code	string	45
ods_pol_crim_enfo_case_info	案件基本信息	disc_loca_admin_name	string	46
ods_pol_crim_enfo_case_info	案件基本信息	disc_loca_addr_name	string	47
ods_pol_crim_enfo_case_info	案件基本信息	case_addr_addi_code	string	49
ods_pol_crim_enfo_case_info	案件基本信息	case_addr_admin_name	string	50
ods_pol_crim_enfo_case_info	案件基本信息	case_addr_addr_name	string	51
ods_pol_crim_enfo_case_info	案件基本信息	case_loss_prop_brief_cond	string	87
ods_pol_crim_enfo_case_info	案件基本信息	brief_case	string	110
ods_pol_crim_enfo_case_info	案件基本信息	case_date	string	147
ods_pol_crim_enfo_case_info	案件基本信息	repo_case_time	string	154
ods_pol_crim_enfo_case_info	案件基本信息	case_attr_code	string	156
ods_pol_crim_enfo_case_info	案件基本信息	undo_case_date	string	159
ods_pol_per_perm_resid_info	常住人口信息	person_no	string	10
ods_pol_per_perm_resid_info	常住人口信息	name	string	11
ods_pol_per_perm_resid_info	常住人口信息	name_spell	string	12
ods_pol_per_perm_resid_info	常住人口信息	fur_name	string	14
ods_pol_per_perm_resid_info	常住人口信息	sex_desig	string	18
ods_pol_per_perm_resid_info	常住人口信息	comm_cert_code	string	19
ods_pol_per_perm_resid_info	常住人口信息	comm_cert_name	string	20
ods_pol_per_perm_resid_info	常住人口信息	cred_num	string	21
ods_pol_per_perm_resid_info	常住人口信息	cert_no	string	22
ods_pol_per_perm_resid_info	常住人口信息	ctct_tel	string	23
ods_pol_per_perm_resid_info	常住人口信息	nation_desig	string	25
ods_pol_per_perm_resid_info	常住人口信息	birth_date	string	26
ods_pol_per_perm_resid_info	常住人口信息	eduhis_name	string	34
ods_pol_per_perm_resid_info	常住人口信息	mar_sta_name	string	36
ods_pol_per_perm_resid_info	常住人口信息	self_iden_code	string	37
ods_pol_per_perm_resid_info	常住人口信息	self_iden_name	string	38
ods_pol_per_perm_resid_info	常住人口信息	polsta_name	string	46
ods_pol_per_perm_resid_info	常住人口信息	cty_area_name	string	50
ods_pol_per_perm_resid_info	常住人口信息	nation_name	string	52
ods_pol_per_perm_resid_info	常住人口信息	ind_tname	string	54
ods_pol_per_perm_resid_info	常住人口信息	prof	string	55
ods_pol_per_perm_resid_info	常住人口信息	prof_tname	string	57
ods_pol_per_perm_resid_info	常住人口信息	photo	string	74
ods_pol_per_perm_resid_info	常住人口信息	death_date	string	78
ods_pol_per_perm_resid_info	常住人口信息	death_judge_flag	string	79
ods_pol_per_perm_resid_info	常住人口信息	native_addi_name	string	83
ods_pol_per_perm_resid_info	常住人口信息	acc_no	string	91
ods_pol_per_perm_resid_info	常住人口信息	hou_tcode	string	92
ods_pol_per_perm_resid_info	常住人口信息	hou_tname	string	93
ods_pol_per_perm_resid_info	常住人口信息	pred_addr_name	string	110
ods_pol_per_perm_resid_info	常住人口信息	pred_door_no	string	111
ods_pol_per_perm_resid_info	常住人口信息	pred_door_deta_addr	string	112
ods_pol_per_perm_resid_info	常住人口信息	pred_admin_name	string	117
ods_pol_per_perm_resid_info	常住人口信息	pred_towstr_name	string	118
ods_pol_per_perm_resid_info	常住人口信息	domic_admin_name	string	130
ods_pol_per_perm_resid_info	常住人口信息	domic_addr_name	string	131
ods_pol_per_perm_resid_info	常住人口信息	last_accep_time	string	256
nb_app_dws_per_res_his_dcveh	车与人关系汇总表	rel_type	string	1
nb_app_dws_per_res_his_dcveh	车与人关系汇总表	cert_type	string	2
nb_app_dws_per_res_his_dcveh	车与人关系汇总表	cert_num	string	3
nb_app_dws_per_res_his_dcveh	车与人关系汇总表	veh_no	string	4
nb_app_dws_per_res_his_dcveh	车与人关系汇总表	drive_lic_tcode	string	5
nb_app_dws_per_res_his_dcveh	车与人关系汇总表	veh_plate_num	string	6
nb_app_dws_per_res_his_dcveh	车与人关系汇总表	first_time	string	8
nb_app_dws_per_res_his_dcveh	车与人关系汇总表	last_time	string	9
nb_app_dws_per_res_his_dcveh	车与人关系汇总表	total_count	string	10
nb_app_dws_per_res_his_accmobile	用户账号与手机号的关系历史全量汇总	vt_type	string	2
nb_app_dws_per_res_his_accmobile	用户账号与手机号的关系历史全量汇总	user_acc	string	3
nb_app_dws_per_res_his_accmobile	用户账号与手机号的关系历史全量汇总	mob	string	4
nb_app_dws_per_res_his_accmobile	用户账号与手机号的关系历史全量汇总	rel_type	string	5
nb_app_dws_per_res_his_accmobile	用户账号与手机号的关系历史全量汇总	first_time	string	7
nb_app_dws_per_res_his_accmobile	用户账号与手机号的关系历史全量汇总	last_time	string	8
nb_app_dws_per_per_his_tr_accacc	用户账号与用户账号关系全量汇总表	domain	string	1
nb_app_dws_per_per_his_tr_accacc	用户账号与用户账号关系全量汇总表	vt_type	string	2
nb_app_dws_per_per_his_tr_accacc	用户账号与用户账号关系全量汇总表	user_acc	string	3
nb_app_dws_per_per_his_tr_accacc	用户账号与用户账号关系全量汇总表	rel_user_acc	string	4
nb_app_dws_per_per_his_tr_accacc	用户账号与用户账号关系全量汇总表	first_time	string	6
nb_app_dws_per_per_his_tr_accacc	用户账号与用户账号关系全量汇总表	last_time	string	7
nb_app_dws_per_per_his_partnerorder	公民身份与公民身份的同订单关系全量汇总表	md_id	string	0
nb_app_dws_per_per_his_partnerorder	公民身份与公民身份的同订单关系全量汇总表	cert_type	string	1
nb_app_dws_per_per_his_partnerorder	公民身份与公民身份的同订单关系全量汇总表	cert_num	string	2
nb_app_dws_per_per_his_partnerorder	公民身份与公民身份的同订单关系全量汇总表	rel_cert_type	string	3
nb_app_dws_per_per_his_partnerorder	公民身份与公民身份的同订单关系全量汇总表	rel_cert_num	string	4
nb_app_dws_per_per_his_partnerorder	公民身份与公民身份的同订单关系全量汇总表	order_type	string	5
nb_app_dws_per_per_his_partnerorder	公民身份与公民身份的同订单关系全量汇总表	first_time	string	7
nb_app_dws_per_per_his_partnerorder	公民身份与公民身份的同订单关系全量汇总表	last_time	string	8
nb_app_dws_per_per_his_tr_uiduid	用户ID与用户ID关系全量汇总表	domain	string	1
nb_app_dws_per_per_his_tr_uiduid	用户ID与用户ID关系全量汇总表	vt_type	string	2
nb_app_dws_per_per_his_tr_uiduid	用户ID与用户ID关系全量汇总表	userid	string	3
nb_app_dws_per_per_his_tr_uiduid	用户ID与用户ID关系全量汇总表	rel_userid	string	4
nb_app_dws_per_per_his_tr_uiduid	用户ID与用户ID关系全量汇总表	first_time	string	6
nb_app_dws_per_per_his_tr_uiduid	用户ID与用户ID关系全量汇总表	last_time	string	7
nb_app_dws_per_add_day_dcnetbar	公民身份与网吧关系天汇总表	cert_num	string	1
nb_app_dws_per_add_day_dcnetbar	公民身份与网吧关系天汇总表	int_bar_no	string	2
nb_app_dws_per_add_day_dcnetbar	公民身份与网吧关系天汇总表	int_bar_name	string	3
nb_app_dws_per_add_day_dcnetbar	公民身份与网吧关系天汇总表	int_bar_addr	string	4
nb_app_dws_per_add_day_dcnetbar	公民身份与网吧关系天汇总表	int_bar_mach_num	string	5
nb_app_dws_per_add_day_dcnetbar	公民身份与网吧关系天汇总表	int_bar_login_time	string	6
nb_app_dws_per_add_day_dcnetbar	公民身份与网吧关系天汇总表	int_bar_logout_time	string	7
ods_pol_pub_dw_evt	电围事件信息	capture_time	bigint	12
ods_pol_pub_dw_evt	电围事件信息	elefen_event_type_code	string	13
ods_pol_pub_dw_evt	电围事件信息	user_num	string	14
ods_pol_pub_dw_evt	电围事件信息	user_homloc_ctct_tel_arcod	string	15
ods_pol_pub_dw_evt	电围事件信息	oppos_num	string	16
ods_pol_pub_dw_evt	电围事件信息	oppos_homloc_ctct_tel_arcod	string	17
ods_pol_pub_dw_evt	电围事件信息	user_imsi	string	18
ods_pol_pub_dw_evt	电围事件信息	user_imei	string	19
ods_pol_pub_dw_evt	电围事件信息	loc_area_code	string	22
ods_pol_pub_dw_evt	电围事件信息	bassta_houest_idecod	string	23
ods_pol_pub_dw_evt	电围事件信息	bassta_lon	string	24
ods_pol_pub_dw_evt	电围事件信息	bassta_lat	string	25
ods_pol_pub_dw_evt	电围事件信息	bassta_geohash	string	38
ods_pol_pub_dw_evt	电围事件信息	norma_bassta_lon	string	44
ods_pol_pub_dw_evt	电围事件信息	norma_bassta_lat	string	45
ods_pol_pub_dw_evt	电围事件信息	norma_bassta_geohash	string	46
ods_gov_edu_stud_info	大中小学生信息	coll_time	string	6
ods_gov_edu_stud_info	大中小学生信息	name	string	10
ods_gov_edu_stud_info	大中小学生信息	fur_name	string	11
ods_gov_edu_stud_info	大中小学生信息	cert_no	string	18
ods_gov_edu_stud_info	大中小学生信息	cred_num	string	21
ods_gov_edu_stud_info	大中小学生信息	nation	string	22
ods_gov_edu_stud_info	大中小学生信息	nation_desig	string	23
ods_gov_edu_stud_info	大中小学生信息	birth_date	string	26
ods_gov_edu_stud_info	大中小学生信息	native_addi_code	string	29
ods_gov_edu_stud_info	大中小学生信息	native_addi_name	string	30
ods_gov_edu_stud_info	大中小学生信息	domic_addr_name	string	31
ods_gov_edu_stud_info	大中小学生信息	fami_addr_addr_name	string	32
ods_gov_edu_stud_info	大中小学生信息	pred_addr_name	string	33
ods_gov_edu_stud_info	大中小学生信息	educ_leve_name	string	38
ods_gov_edu_stud_info	大中小学生信息	educ_code	string	39
ods_gov_edu_stud_info	大中小学生信息	eduhis_name	string	40
ods_gov_edu_stud_info	大中小学生信息	pol_stat	string	41
ods_gov_edu_stud_info	大中小学生信息	polsta_name	string	42
ods_gov_edu_stud_info	大中小学生信息	leav_sch_judge_flag	string	43
ods_gov_edu_stud_info	大中小学生信息	scho_no	string	44
ods_gov_edu_stud_info	大中小学生信息	scho_name	string	45
ods_gov_edu_stud_info	大中小学生信息	acad_desig	string	46
ods_gov_edu_stud_info	大中小学生信息	profe_name	string	47
ods_gov_edu_stud_info	大中小学生信息	prof_noun	string	48
ods_gov_edu_stud_info	大中小学生信息	grade	string	49
ods_gov_edu_stud_info	大中小学生信息	class	string	50
ods_gov_edu_stud_info	大中小学生信息	clanum	string	51
ods_gov_edu_stud_info	大中小学生信息	stunum	string	52
ods_gov_edu_stud_info	大中小学生信息	guar_name	string	53
ods_gov_edu_stud_info	大中小学生信息	guar_cert_no	string	54
ods_gov_edu_stud_info	大中小学生信息	guar_ctct_tel	string	55
ods_gov_edu_stud_info	大中小学生信息	father_name	string	60
ods_gov_edu_stud_info	大中小学生信息	father_cert_no	string	61
ods_gov_edu_stud_info	大中小学生信息	father_ctct_tel	string	62
ods_gov_edu_stud_info	大中小学生信息	father_pred_addr_name	string	63
ods_gov_edu_stud_info	大中小学生信息	mother_name	string	66
ods_gov_edu_stud_info	大中小学生信息	mother_cert_no	string	67
ods_gov_edu_stud_info	大中小学生信息	mother_ctct_tel	string	68
ods_gov_edu_stud_info	大中小学生信息	mother_pred_addr_name	string	69
ods_gov_edu_stud_info	大中小学生信息	ente_scho_year	string	95
ods_gov_edu_stud_info	大中小学生信息	stud_num	string	96
ods_gov_edu_stud_info	大中小学生信息	scho_leve	string	97
ods_gov_edu_stud_info	大中小学生信息	edusys	string	100
ods_gov_edu_stud_info	大中小学生信息	ente_scho_date	string	108
ods_gov_edu_stud_info	大中小学生信息	grad_date	string	109
ods_pol_per_actu_popu	实有人口	coll_time	string	6
ods_pol_per_actu_popu	实有人口	cred_num	string	17
ods_pol_per_actu_popu	实有人口	name	string	18
ods_pol_per_actu_popu	实有人口	fur_name	string	19
ods_pol_per_actu_popu	实有人口	for_first_name	string	20
ods_pol_per_actu_popu	实有人口	for_last_name	string	21
ods_pol_per_actu_popu	实有人口	nation	string	24
ods_pol_per_actu_popu	实有人口	nation_desig	string	25
ods_pol_per_actu_popu	实有人口	educ_code	string	26
ods_pol_per_actu_popu	实有人口	eduhis_name	string	27
ods_pol_per_actu_popu	实有人口	mar_sta_code	string	28
ods_pol_per_actu_popu	实有人口	mar_sta_name	string	29
ods_pol_per_actu_popu	实有人口	pol_stat	string	30
ods_pol_per_actu_popu	实有人口	polsta_name	string	31
ods_pol_per_actu_popu	实有人口	prof	string	38
ods_pol_per_actu_popu	实有人口	prof_tcode	string	39
ods_pol_per_actu_popu	实有人口	prof_tname	string	40
ods_pol_per_actu_popu	实有人口	nation_code	string	48
ods_pol_per_actu_popu	实有人口	nation_name	string	49
ods_pol_per_actu_popu	实有人口	native_cty_code	string	50
ods_pol_per_actu_popu	实有人口	native_cty_name	string	51
ods_pol_per_actu_popu	实有人口	native_addi_code	string	52
ods_pol_per_actu_popu	实有人口	native_addi_name	string	53
ods_pol_per_actu_popu	实有人口	domic_descr	string	54
ods_pol_per_actu_popu	实有人口	domic_own_pol_stat_psag_code	string	55
ods_pol_per_actu_popu	实有人口	domic_own_pol_stat_psag	string	56
ods_pol_per_actu_popu	实有人口	domic_addi_code	string	57
ods_pol_per_actu_popu	实有人口	domic_admin_name	string	58
ods_pol_per_actu_popu	实有人口	domic_door_no	string	59
ods_pol_per_actu_popu	实有人口	domic_door_deta_addr	string	60
ods_pol_per_actu_popu	实有人口	domic_addr_code	string	61
ods_pol_per_actu_popu	实有人口	domic_addr_name	string	62
ods_pol_per_actu_popu	实有人口	actu_live_addr_addi_code	string	63
ods_pol_per_actu_popu	实有人口	actu_live_addr_admin_name	string	64
ods_pol_per_actu_popu	实有人口	actu_live_addr_door_no	string	65
ods_pol_per_actu_popu	实有人口	actu_live_addr_door_deta_addr	string	66
ods_pol_per_actu_popu	实有人口	actu_live_addr_addr_code	string	67
ods_pol_per_actu_popu	实有人口	actu_live_addr_addr_name	string	68
ods_pol_per_actu_popu	实有人口	actu_live_addr_lon	string	69
ods_pol_per_actu_popu	实有人口	actu_live_addr_lat	string	70
ods_pol_per_actu_popu	实有人口	actu_live_addr_geohash	string	71
ods_pol_per_actu_popu	实有人口	canc_judge_flag	string	91
ods_pol_per_actu_popu	实有人口	canc_reas	string	92
ods_pol_per_actu_popu	实有人口	death_date	string	107
ods_gov_edu_kindergarten_stu	幼儿园学生信息	coll_time	string	6
ods_gov_edu_kindergarten_stu	幼儿园学生信息	name	string	10
ods_gov_edu_kindergarten_stu	幼儿园学生信息	cert_no	string	14
ods_gov_edu_kindergarten_stu	幼儿园学生信息	native_addi_code	string	15
ods_gov_edu_kindergarten_stu	幼儿园学生信息	native_addi_name	string	16
ods_gov_edu_kindergarten_stu	幼儿园学生信息	domic_addr_name	string	17
ods_gov_edu_kindergarten_stu	幼儿园学生信息	kindergarten_desig	string	19
ods_gov_edu_kindergarten_stu	幼儿园学生信息	kindergarten_addr_name	string	20
ods_gov_edu_kindergarten_stu	幼儿园学生信息	guar1_name	string	23
ods_gov_edu_kindergarten_stu	幼儿园学生信息	guar1_addr_addr_name	string	24
ods_gov_edu_kindergarten_stu	幼儿园学生信息	guar1_ctct_tel	string	25
ods_gov_edu_kindergarten_stu	幼儿园学生信息	guar1_cert_no	string	26
ods_gov_edu_kindergarten_stu	幼儿园学生信息	guar2_name	string	31
ods_gov_edu_kindergarten_stu	幼儿园学生信息	guar2_addr_name	string	32
ods_gov_edu_kindergarten_stu	幼儿园学生信息	guar2_ctct_tel	string	33
ods_gov_edu_kindergarten_stu	幼儿园学生信息	guar2_cert_no	string	34
ods_gov_edu_kindergarten_stu	幼儿园学生信息	guar_rel_name	string	38
ods_gov_edu_scho_info	学校信息	coll_time	string	6
ods_gov_edu_scho_info	学校信息	admi_priper_name	string	17
ods_gov_edu_scho_info	学校信息	admi_priper_ctct_tel	string	20
ods_gov_edu_scho_info	学校信息	party_priper_name	string	21
ods_gov_edu_scho_info	学校信息	party_priper_job_name	string	23
ods_gov_edu_scho_info	学校信息	party_priper_ctct_tel	string	24
ods_gov_edu_scho_info	学校信息	busi_prin_per_name	string	25
ods_gov_edu_scho_info	学校信息	busi_prin_per_job_name	string	27
ods_gov_edu_scho_info	学校信息	busi_prin_per_ctct_tel	string	28
ods_gov_edu_scho_info	学校信息	scho_creat_time	string	29
ods_gov_edu_scho_info	学校信息	lat	string	30
ods_gov_edu_scho_info	学校信息	lon	string	31
ods_gov_edu_scho_info	学校信息	scho_leve	string	33
ods_gov_edu_scho_info	学校信息	scho_natu	string	34
ods_gov_edu_scho_info	学校信息	scho_type	string	35
ods_gov_nca_bircer_info	出生证信息	name	string	10
ods_gov_nca_bircer_info	出生证信息	cert_no	string	13
ods_gov_nca_bircer_info	出生证信息	fami_addr_addr_name	string	21
ods_gov_nca_bircer_info	出生证信息	mother_name	string	24
ods_gov_nca_bircer_info	出生证信息	mother_cert_no	string	26
ods_gov_nca_bircer_info	出生证信息	father_name	string	27
ods_gov_nca_bircer_info	出生证信息	father_cert_no	string	29
ods_gov_nca_bircer_info	出生证信息	sign_date	string	31
ods_gov_mca_civadm_marreg	婚姻登记信息	coll_time	string	6
ods_gov_mca_civadm_marreg	婚姻登记信息	no	string	10
ods_gov_mca_civadm_marreg	婚姻登记信息	marr_regbus_clas_code	string	11
ods_gov_mca_civadm_marreg	婚姻登记信息	marr_regbus_clas_name	string	12
ods_gov_mca_civadm_marreg	婚姻登记信息	man_name	string	13
ods_gov_mca_civadm_marreg	婚姻登记信息	woman_name	string	14
ods_gov_mca_civadm_marreg	婚姻登记信息	man_cert_no	string	25
ods_gov_mca_civadm_marreg	婚姻登记信息	woman_cert_no	string	26
ods_gov_mca_civadm_marreg	婚姻登记信息	man_nation_code	string	27
ods_gov_mca_civadm_marreg	婚姻登记信息	man_nation_name	string	28
ods_gov_mca_civadm_marreg	婚姻登记信息	woman_nation_code	string	29
ods_gov_mca_civadm_marreg	婚姻登记信息	woman_nation_name	string	30
ods_gov_mca_civadm_marreg	婚姻登记信息	man_nation	string	31
ods_gov_mca_civadm_marreg	婚姻登记信息	man_nation_desig	string	32
ods_gov_mca_civadm_marreg	婚姻登记信息	woman_nation	string	33
ods_gov_mca_civadm_marreg	婚姻登记信息	woman_nation_desig	string	34
ods_gov_mca_civadm_marreg	婚姻登记信息	man_educ_leve_code	string	41
ods_gov_mca_civadm_marreg	婚姻登记信息	man_educ_leve_name	string	42
ods_gov_mca_civadm_marreg	婚姻登记信息	woman_educ_leve_code	string	43
ods_gov_mca_civadm_marreg	婚姻登记信息	woman_educ_leve_name	string	44
ods_gov_mca_civadm_marreg	婚姻登记信息	man_mar_sta_code	string	45
ods_gov_mca_civadm_marreg	婚姻登记信息	man_mar_sta_name	string	46
ods_gov_mca_civadm_marreg	婚姻登记信息	woman_mar_sta_code	string	47
ods_gov_mca_civadm_marreg	婚姻登记信息	woman_mar_sta_name	string	48
ods_gov_mca_civadm_marreg	婚姻登记信息	man_ctct_tel	string	49
ods_gov_mca_civadm_marreg	婚姻登记信息	woman_ctct_tel	string	50
ods_gov_mca_civadm_marreg	婚姻登记信息	man_domic_addr_name	string	55
ods_gov_mca_civadm_marreg	婚姻登记信息	woman_domic_addr_name	string	56
ods_gov_mca_civadm_marreg	婚姻登记信息	man_pred_addr_name	string	59
ods_gov_mca_civadm_marreg	婚姻登记信息	woman_pred_addr_name	string	60
ods_gov_mca_civadm_marreg	婚姻登记信息	man_perm_place_acc_juri_city_level_addi_code	string	61
ods_gov_mca_civadm_marreg	婚姻登记信息	man_perm_place_acc_juri_city_level_admin_name	string	62
ods_gov_mca_civadm_marreg	婚姻登记信息	woman_perm_place_acc_juri_city_level_addi_code	string	63
ods_gov_mca_civadm_marreg	婚姻登记信息	woman_perm_place_acc_juri_city_level_admin_name	string	64
ods_gov_mca_civadm_marreg	婚姻登记信息	man_perm_place_acc_loc_addr_name	string	73
ods_gov_mca_civadm_marreg	婚姻登记信息	woman_perm_place_acc_loc_addr_name	string	74
ods_gov_mca_civadm_marreg	婚姻登记信息	undo_deci_num	string	93
ods_gov_mca_civadm_marreg	婚姻登记信息	marry_marr_regi_num	string	94
ods_gov_mca_civadm_marreg	婚姻登记信息	divo_marr_regi_num	string	95
ods_gov_mca_civadm_marreg	婚姻登记信息	issu_cert_date	string	96
ods_gov_mca_civadm_marreg	婚姻登记信息	regi_no	string	99
ods_gov_mca_civadm_marreg	婚姻登记信息	reg_date	string	100
ods_gov_mca_civadm_marreg	婚姻登记信息	remary_judge_flag	string	107
ods_gov_mca_civadm_marreg	婚姻登记信息	divo_reas_code	string	108
ods_gov_mca_civadm_marreg	婚姻登记信息	divo_reas_name	string	109
ods_soc_civ_avia_arrport_data	民航进港数据	flinum	string	12
ods_soc_civ_avia_arrport_data	民航进港数据	airline_code	string	13
ods_soc_civ_avia_arrport_data	民航进港数据	flight_pofix	string	15
ods_soc_civ_avia_arrport_data	民航进港数据	flight_date	string	16
ods_soc_civ_avia_arrport_data	民航进港数据	fly_init_nrt_airport_code	string	19
ods_soc_civ_avia_arrport_data	民航进港数据	fly_init_nrt_airport_name	string	20
ods_soc_civ_avia_arrport_data	民航进港数据	arr_at_air_airport_code	string	21
ods_soc_civ_avia_arrport_data	民航进港数据	arr_at_air_airport_name	string	22
ods_soc_civ_avia_arrport_data	民航进港数据	sail_time	string	23
ods_soc_civ_avia_arrport_data	民航进港数据	dock_time	string	24
ods_soc_civ_avia_arrport_data	民航进港数据	self_iden_code	string	29
ods_soc_civ_avia_arrport_data	民航进港数据	pass_for_name	string	33
ods_soc_civ_avia_arrport_data	民航进港数据	pass_name	string	34
ods_soc_civ_avia_arrport_data	民航进港数据	cred_num	string	40
ods_soc_civ_avia_arrport_data	民航进港数据	domic_addi_code	string	45
ods_soc_civ_avia_arrport_data	民航进港数据	domic_admin_name	string	46
ods_soc_civ_avia_arrport_data	民航进港数据	actu_live_addr_addr_name	string	50
ods_soc_civ_avia_arrport_data	民航进港数据	pass_seat_no	string	64
ods_soc_civ_avia_arrport_data	民航进港数据	shispa	string	66
ods_soc_civ_avia_leaport_data	民航离港数据	airline_code	string	12
ods_soc_civ_avia_leaport_data	民航离港数据	airline_name	string	13
ods_soc_civ_avia_leaport_data	民航离港数据	flinum	string	14
ods_soc_civ_avia_leaport_data	民航离港数据	flight_pofix	string	15
ods_soc_civ_avia_leaport_data	民航离港数据	flight_date	string	16
ods_soc_civ_avia_leaport_data	民航离港数据	fly_init_nrt_airport_code	string	17
ods_soc_civ_avia_leaport_data	民航离港数据	fly_init_nrt_airport_name	string	18
ods_soc_civ_avia_leaport_data	民航离港数据	arr_at_air_airport_code	string	19
ods_soc_civ_avia_leaport_data	民航离港数据	arr_at_air_airport_name	string	20
ods_soc_civ_avia_leaport_data	民航离港数据	sail_time	string	21
ods_soc_civ_avia_leaport_data	民航离港数据	dock_time	string	22
ods_soc_civ_avia_leaport_data	民航离港数据	cred_num	string	29
ods_soc_civ_avia_leaport_data	民航离港数据	pass_for_name	string	30
ods_soc_civ_avia_leaport_data	民航离港数据	pass_name	string	31
ods_soc_civ_avia_leaport_data	民航离港数据	pass_seat_no	string	46
ods_soc_civ_avia_rese	民航订票	coll_time	string	6
ods_soc_civ_avia_rese	民航订票	pass_no	string	11
ods_soc_civ_avia_rese	民航订票	pass_name	string	12
ods_soc_civ_avia_rese	民航订票	pass_for_first_name	string	13
ods_soc_civ_avia_rese	民航订票	pass_for_last_name	string	14
ods_soc_civ_avia_rese	民航订票	cred_num	string	15
ods_soc_civ_avia_rese	民航订票	domic_admin_name	string	19
ods_soc_civ_avia_rese	民航订票	carr_orga_airline_code	string	20
ods_soc_civ_avia_rese	民航订票	carr_orga_airline_name	string	21
ods_soc_civ_avia_rese	民航订票	flinum	string	22
ods_soc_civ_avia_rese	民航订票	flinum_pofix	string	23
ods_soc_civ_avia_rese	民航订票	fly_init_nrt_airport_code	string	24
ods_soc_civ_avia_rese	民航订票	fly_init_nrt_airport_name	string	25
ods_soc_civ_avia_rese	民航订票	staoff_date	string	26
ods_soc_civ_avia_rese	民航订票	staoff_time	string	27
ods_soc_civ_avia_rese	民航订票	arr_at_air_airport_code	string	28
ods_soc_civ_avia_rese	民航订票	arr_at_air_airport_name	string	29
ods_soc_civ_avia_rese	民航订票	arr_date	string	30
ods_soc_civ_avia_rese	民航订票	arr_time	string	31
ods_soc_civ_avia_rese	民航订票	hand_trans_date	string	58
ods_soc_civ_avia_rese	民航订票	pass_ctct_tel	string	62
ods_gov_ind_indcompr_reginf	工商主体登记信息	coll_time	string	6
ods_gov_ind_indcompr_reginf	工商主体登记信息	iacr_num	string	12
ods_gov_ind_indcompr_reginf	工商主体登记信息	org_code	string	13
ods_gov_ind_indcompr_reginf	工商主体登记信息	org_name	string	14
ods_gov_ind_indcompr_reginf	工商主体登记信息	soc_credit_code	string	15
ods_gov_ind_indcompr_reginf	工商主体登记信息	comp_name	string	16
ods_gov_ind_indcompr_reginf	工商主体登记信息	unit_tcode	string	17
ods_gov_ind_indcompr_reginf	工商主体登记信息	unit_tname	string	18
ods_gov_ind_indcompr_reginf	工商主体登记信息	ind_tcode	string	20
ods_gov_ind_indcompr_reginf	工商主体登记信息	ind_tname	string	21
ods_gov_ind_indcompr_reginf	工商主体登记信息	estbl_date	string	22
ods_gov_ind_indcompr_reginf	工商主体登记信息	reg_capiital	string	23
ods_gov_ind_indcompr_reginf	工商主体登记信息	com_comfor_desc	string	27
ods_gov_ind_indcompr_reginf	工商主体登记信息	prac_per_num	string	28
ods_gov_ind_indcompr_reginf	工商主体登记信息	comp_ra_addr_name	string	29
ods_gov_ind_indcompr_reginf	工商主体登记信息	busin_range_main	string	36
ods_gov_ind_indcompr_reginf	工商主体登记信息	busin_state_code	string	38
ods_gov_ind_indcompr_reginf	工商主体登记信息	busin_state_name	string	39
ods_gov_ind_indcompr_reginf	工商主体登记信息	busin_limit_time_due_date	string	40
ods_gov_ind_indcompr_reginf	工商主体登记信息	busin_limit_time_start_date	string	41
ods_gov_ind_indcompr_reginf	工商主体登记信息	produc_busin_addr_addr_name	string	45
ods_gov_ind_indcompr_reginf	工商主体登记信息	lent_name	string	49
ods_gov_ind_indcompr_reginf	工商主体登记信息	law_repr_cred_num	string	52
ods_gov_ind_indcompr_reginf	工商主体登记信息	law_repr_mob	string	53
ods_gov_ind_indcompr_reginf	工商主体登记信息	law_repr_residence_addr_name	string	55
ods_gov_ind_indcompr_reginf	工商主体登记信息	main_resp_pers_cert_no	string	60
ods_gov_ind_indcompr_reginf	工商主体登记信息	busin_lice_no	string	72
ods_gov_ind_indcompr_reginf	工商主体登记信息	indcompr_chaite_name	string	75
ods_gov_ind_indcompr_reginf	工商主体登记信息	chan_date	string	78
ods_soc_traf_raista_entper	火车站进站人员信息	name	string	10
ods_soc_traf_raista_entper	火车站进站人员信息	cert_no	string	13
ods_soc_traf_raista_entper	火车站进站人员信息	riding_date	string	14
ods_soc_traf_raista_entper	火车站进站人员信息	train_tic_no	string	15
ods_soc_traf_raista_entper	火车站进站人员信息	train_no	string	16
ods_soc_traf_raista_entper	火车站进站人员信息	coach_no	string	17
ods_soc_traf_raista_entper	火车站进站人员信息	seat_no	string	18
ods_soc_traf_raista_entper	火车站进站人员信息	dep_time	string	19
ods_soc_traf_raista_entper	火车站进站人员信息	entsta_time	string	20
ods_soc_traf_raista_entper	火车站进站人员信息	entsta_meth	string	21
ods_soc_traf_raista_entper	火车站进站人员信息	rail_site_name	string	22
ods_soc_traf_raista_entper	火车站进站人员信息	dep_stat_rail_site_name	string	23
ods_soc_traf_raista_entper	火车站进站人员信息	staoff_stat_rail_site_name	string	24
ods_soc_traf_raista_entper	火车站进站人员信息	arr_stat_rail_site_name	string	25
ods_soc_traf_raista_entper	火车站进站人员信息	terminus_rail_site_name	string	26
ods_soc_traf_raiway_saltic_data	铁路售票数据	coll_time	string	6
ods_soc_traf_raiway_saltic_data	铁路售票数据	cred_num	string	13
ods_soc_traf_raiway_saltic_data	铁路售票数据	name	string	18
ods_soc_traf_raiway_saltic_data	铁路售票数据	nation_desig	string	23
ods_soc_traf_raiway_saltic_data	铁路售票数据	domic_addr_name	string	25
ods_soc_traf_raiway_saltic_data	铁路售票数据	ctct_tel	string	30
ods_soc_traf_raiway_saltic_data	铁路售票数据	riding_date	string	31
ods_soc_traf_raiway_saltic_data	铁路售票数据	dep_time	string	32
ods_soc_traf_raiway_saltic_data	铁路售票数据	train_no	string	33
ods_soc_traf_raiway_saltic_data	铁路售票数据	train_num	string	34
ods_soc_traf_raiway_saltic_data	铁路售票数据	dep_stat_desig	string	35
ods_soc_traf_raiway_saltic_data	铁路售票数据	arr_stat_desig	string	38
ods_soc_traf_raiway_saltic_data	铁路售票数据	train_tic_no	string	41
ods_soc_traf_raiway_saltic_data	铁路售票数据	coach_no	string	42
ods_soc_traf_raiway_saltic_data	铁路售票数据	seat_no	string	43
ods_soc_traf_raiway_saltic_data	铁路售票数据	trasta_code	string	44
ods_soc_traf_raiway_saltic_data	铁路售票数据	trasta_name	string	45
ods_soc_traf_raiway_saltic_data	铁路售票数据	tic_date	string	55
ods_soc_traf_raiway_saltic_data	铁路售票数据	book_pers_cred_num	string	66
ods_soc_lgs_expr_integ_info	快递信息表	expr_comp_com_abb	string	11
ods_soc_lgs_expr_integ_info	快递信息表	expr_comp_comp_name	string	12
ods_soc_lgs_expr_integ_info	快递信息表	order_no	string	13
ods_soc_lgs_expr_integ_info	快递信息表	sener_mob	string	24
ods_soc_lgs_expr_integ_info	快递信息表	sener_fixed_tel	string	25
ods_soc_lgs_expr_integ_info	快递信息表	sener_addr_name	string	26
ods_soc_lgs_expr_integ_info	快递信息表	rece_per_ctct_tel	string	34
ods_soc_lgs_expr_integ_info	快递信息表	rece_per_fixed_tel	string	35
ods_soc_lgs_expr_integ_info	快递信息表	rece_per_addr_name	string	36
ods_soc_lgs_expr_integ_info	快递信息表	deliv_time	string	43
ods_soc_lgs_expr_integ_info	快递信息表	send_good_time	string	44
ods_soc_lgs_expr_integ_info	快递信息表	colmat_time	string	45
ods_soc_lgs_expr_integ_info	快递信息表	maiitem_clas_name	string	49
ods_soc_lgs_expr_integ_info	快递信息表	mai_goods_name	string	50
ods_soc_lgs_expr_integ_info	快递信息表	waybill_no	string	75
ods_soc_lgs_expr_integ_info	快递信息表	sendi_addi_code	string	81
ods_soc_lgs_expr_integ_info	快递信息表	sendi_admin_name	string	82
ods_soc_lgs_expr_integ_info	快递信息表	sendi_prov_level_prcico_code	string	83
ods_soc_lgs_expr_integ_info	快递信息表	sendi_prov_level_prcico_name	string	84
ods_soc_lgs_expr_integ_info	快递信息表	sendi_city_level_prcico_code	string	85
ods_soc_lgs_expr_integ_info	快递信息表	sendi_city_level_prcico_name	string	86
ods_soc_lgs_expr_integ_info	快递信息表	sendi_own_coun_prcico_code	string	87
ods_soc_lgs_expr_integ_info	快递信息表	sendi_own_coun_prcico_name	string	88
ods_soc_lgs_expr_integ_info	快递信息表	receipt_addi_code	string	89
ods_soc_lgs_expr_integ_info	快递信息表	receipt_admin_name	string	90
ods_soc_lgs_expr_integ_info	快递信息表	receipt_prov_level_prcico_code	string	91
ods_soc_lgs_expr_integ_info	快递信息表	receipt_prov_level_prcico_name	string	92
ods_soc_lgs_expr_integ_info	快递信息表	receipt_city_level_prcico_code	string	93
ods_soc_lgs_expr_integ_info	快递信息表	receipt_city_level_prcico_name	string	94
ods_soc_lgs_expr_integ_info	快递信息表	receipt_own_coun_prcico_code	string	95
ods_soc_lgs_expr_integ_info	快递信息表	receipt_own_coun_prcico_name	string	96
ods_soc_sbd_phone_owner	机主表	coll_time	string	6
ods_soc_sbd_phone_owner	机主表	info_dele_judge_flag	string	9
ods_soc_sbd_phone_owner	机主表	user_name	string	11
ods_soc_sbd_phone_owner	机主表	nation_desig	string	15
ods_soc_sbd_phone_owner	机主表	tel_card_no	string	16
ods_soc_sbd_phone_owner	机主表	mob	string	18
ods_soc_sbd_phone_owner	机主表	user_stat_stat_name	string	21
ods_soc_sbd_phone_owner	机主表	stomac_date	string	22
ods_soc_sbd_phone_owner	机主表	broban_accnum	string	23
ods_soc_sbd_phone_owner	机主表	ente_net_time	string	25
ods_soc_sbd_phone_owner	机主表	cred_num	string	35
ods_soc_sbd_phone_owner	机主表	loseff_time	string	66
ods_soc_sbd_phone_owner	机主表	dismac_time	string	67
ods_soc_sbd_phone_owner	机主表	accep_time	string	68
ods_soc_sbd_phone_owner	机主表	proc_time	string	69
ods_pol_sec_inbord_pers_lodg	境内人员住宿信息	hotel_no	string	10
ods_pol_sec_inbord_pers_lodg	境内人员住宿信息	hote_name	string	11
ods_pol_sec_inbord_pers_lodg	境内人员住宿信息	hotel_busin_lice_no	string	12
ods_pol_sec_inbord_pers_lodg	境内人员住宿信息	hotel_addr_addr_name	string	13
ods_pol_sec_inbord_pers_lodg	境内人员住宿信息	name	string	23
ods_pol_sec_inbord_pers_lodg	境内人员住宿信息	nation_desig	string	30
ods_pol_sec_inbord_pers_lodg	境内人员住宿信息	nation_name	string	32
ods_pol_sec_inbord_pers_lodg	境内人员住宿信息	cred_num	string	37
ods_pol_sec_inbord_pers_lodg	境内人员住宿信息	cert_no	string	38
ods_pol_sec_inbord_pers_lodg	境内人员住宿信息	native_addi_name	string	52
ods_pol_sec_inbord_pers_lodg	境内人员住宿信息	domic_addr_name	string	53
ods_pol_sec_inbord_pers_lodg	境内人员住宿信息	admi_time	string	56
ods_pol_sec_inbord_pers_lodg	境内人员住宿信息	lodg_day_num	string	58
ods_pol_sec_inbord_pers_lodg	境内人员住宿信息	room_no	string	59
ods_pol_sec_inbord_pers_lodg	境内人员住宿信息	chout_time	string	61
ods_pol_sec_oversea_pers_lodg	境外人员住宿信息	for_first_name	string	11
ods_pol_sec_oversea_pers_lodg	境外人员住宿信息	for_last_name	string	12
ods_pol_sec_oversea_pers_lodg	境外人员住宿信息	for_name	string	13
ods_pol_sec_oversea_pers_lodg	境外人员住宿信息	nation_code	string	20
ods_pol_sec_oversea_pers_lodg	境外人员住宿信息	nation_name	string	21
ods_pol_sec_oversea_pers_lodg	境外人员住宿信息	comm_cert_name	string	25
ods_pol_sec_oversea_pers_lodg	境外人员住宿信息	cred_num	string	26
ods_pol_sec_oversea_pers_lodg	境外人员住宿信息	hotel_id	string	63
ods_pol_sec_oversea_pers_lodg	境外人员住宿信息	hotel_no	string	64
ods_pol_sec_oversea_pers_lodg	境外人员住宿信息	hote_name	string	65
ods_pol_sec_oversea_pers_lodg	境外人员住宿信息	hotel_busin_lice_no	string	66
ods_pol_sec_oversea_pers_lodg	境外人员住宿信息	room_no	string	73
ods_pol_sec_oversea_pers_lodg	境外人员住宿信息	lodg_day_num	string	76
ods_pol_sec_oversea_pers_lodg	境外人员住宿信息	admi_time	string	80
ods_pol_sec_oversea_pers_lodg	境外人员住宿信息	chout_time	string	81
ods_pol_sec_oversea_pers_lodg	境外人员住宿信息	hotel_addr_addr_name	string	105
ods_pol_crim_enfcas_pol_info	警情基本信息	coll_time	string	6
ods_pol_crim_enfcas_pol_info	警情基本信息	poli_no	string	10
ods_pol_crim_enfcas_pol_info	警情基本信息	pol_case_no	string	11
ods_pol_crim_enfcas_pol_info	警情基本信息	case_sno	string	12
ods_pol_crim_enfcas_pol_info	警情基本信息	case_no	string	13
ods_pol_crim_enfcas_pol_info	警情基本信息	case_natu_name	string	15
ods_pol_crim_enfcas_pol_info	警情基本信息	pol_natu	string	25
ods_pol_crim_enfcas_pol_info	警情基本信息	cp_per_cert_no	string	29
ods_pol_crim_enfcas_pol_info	警情基本信息	cp_per_name	string	30
ods_pol_crim_enfcas_pol_info	警情基本信息	cp_ctct_tel	string	33
ods_pol_crim_enfcas_pol_info	警情基本信息	pol_case_occu_plac_addr_name	string	42
ods_pol_crim_enfcas_pol_info	警情基本信息	brief_cond	string	46
ods_pol_crim_enfcas_pol_info	警情基本信息	acce_alarm_time	string	59
ods_pol_crim_enfo_case_info	案件基本信息	coll_time	string	6
ods_pol_crim_enfo_case_info	案件基本信息	case_type_code	string	15
ods_pol_crim_enfo_case_info	案件基本信息	case_sour_desc	string	31
ods_pol_crim_enfo_case_info	案件基本信息	unit_crim_judge_flag	string	68
ods_pol_crim_enfo_case_info	案件基本信息	holgun_crim_judge_flag	string	69
ods_pol_crim_enfo_case_info	案件基本信息	wade_fore_judge_flag	string	70
ods_pol_crim_enfo_case_info	案件基本信息	wade_fore_even_deta	string	71
ods_pol_crim_enfo_case_info	案件基本信息	adt_judge_flag	string	72
ods_pol_crim_enfo_case_info	案件基本信息	net_crim_judge_flag	string	73
ods_pol_crim_enfo_case_info	案件基本信息	tele_frau_judge_flag	string	74
ods_pol_crim_enfo_case_info	案件基本信息	susche_case_judge_flag	string	75
ods_pol_crim_enfo_case_info	案件基本信息	have_video_judge_flag	string	76
ods_pol_crim_enfo_case_info	案件基本信息	whet_inv_gun_judge_flag	string	77
ods_pol_crim_enfo_case_info	案件基本信息	whet_wonid_judge_flag	string	78
ods_pol_crim_enfo_case_info	案件基本信息	whet_life_case_judge_flag	string	79
ods_pol_crim_enfo_case_info	案件基本信息	reporter_name	string	131
ods_pol_crim_enfo_case_info	案件基本信息	reporter_cert_no	string	132
ods_pol_crim_enfo_case_info	案件基本信息	reporter_ctct_way	string	133
ods_pol_crim_enfo_case_info	案件基本信息	detect_date	string	148
ods_pol_crim_enfo_case_info	案件基本信息	set_laws_date	string	149
ods_bdq_tb_zy_qgbdqjdcdjxx	机动车登记表	cjsj	string	6
ods_bdq_tb_zy_qgbdqjdcdjxx	机动车登记表	ssjdc_jdccllxmc	string	16
ods_bdq_tb_zy_qgbdqjdcdjxx	机动车登记表	ssjdc_jdchpzldm	string	23
ods_bdq_tb_zy_qgbdqjdcdjxx	机动车登记表	ssjdc_jdchpzlmc	string	24
ods_bdq_tb_zy_qgbdqjdcdjxx	机动车登记表	ssjdc_jdchphm	string	25
ods_bdq_tb_zy_qgbdqjdcdjxx	机动车登记表	ssjdc_clsbdh	string	27
ods_bdq_tb_zy_qgbdqjdcdjxx	机动车登记表	ssjdc_jdcfdjddjxh	string	29
ods_bdq_tb_zy_qgbdqjdcdjxx	机动车登记表	ssjdc_jdccsys_jdccsysmc	string	32
ods_bdq_tb_zy_qgbdqjdcdjxx	机动车登记表	ssjdc_soyr_xm	string	39
ods_bdq_tb_zy_qgbdqjdcdjxx	机动车登记表	ssjdc_soyr_zjhm	string	42
ods_bdq_tb_zy_qgbdqjdcdjxx	机动车登记表	ssjdc_soyr_lxdh	string	43
ods_bdq_tb_zy_qgbdqjdcdjxx	机动车登记表	ajbh	string	44
ods_bdq_tb_zy_qgbdqjdcdjxx	机动车登记表	larq	string	45
ods_pol_pri_priper_rooadj	拘留所人员监室调整信息	detsta_no	string	10
ods_pol_pri_priper_rooadj	拘留所人员监室调整信息	detsta_desig	string	11
ods_pol_pri_priper_rooadj	拘留所人员监室调整信息	cred_num	string	15
ods_pol_pri_priper_rooadj	拘留所人员监室调整信息	person_no	string	17
ods_pol_pri_priper_rooadj	拘留所人员监室调整信息	orig_monroo_no	string	23
ods_pol_pri_prient_heaexa	拘留所入所健康检查信息	detsta_no	string	10
ods_pol_pri_prient_heaexa	拘留所入所健康检查信息	detsta_desig	string	11
ods_pol_pri_prient_heaexa	拘留所入所健康检查信息	cred_num	string	15
ods_pol_pri_prient_heaexa	拘留所入所健康检查信息	person_no	string	16
ods_pol_pri_prient_heaexa	拘留所入所健康检查信息	check_time	string	17
ods_pol_pri_detesta_outper_info	拘留所出所人员信息	oi_pris_no	string	16
ods_pol_pri_detesta_outper_info	拘留所出所人员信息	leasta_time	string	21
ods_pol_pri_detesta_outper_info	拘留所出所人员信息	out_pris_time_room_no	string	26
ods_pol_crim_dethou_detes_info	拘留所在押人员信息	detsta_no	string	10
ods_pol_crim_dethou_detes_info	拘留所在押人员信息	detsta_desig	string	11
ods_pol_crim_dethou_detes_info	拘留所在押人员信息	mar_sta_name	string	30
ods_pol_crim_dethou_detes_info	拘留所在押人员信息	acc_loc_addr_name	string	45
ods_pol_crim_dethou_detes_info	拘留所在押人员信息	dethou_no	string	53
ods_pol_crim_dethou_detes_info	拘留所在押人员信息	bedno	string	55
ods_pol_crim_dethou_detes_info	拘留所在押人员信息	case_no	string	58
ods_pol_crim_dethou_detes_info	拘留所在押人员信息	brief_case	string	66
ods_pol_crim_dethou_detes_info	拘留所在押人员信息	detention_start_time	string	79
ods_pol_crim_dethou_detes_info	拘留所在押人员信息	detention_end_time	string	80
ods_pol_pri_jaiper_rooadj	看守所人员监室调整信息	deten_hou_no	string	10
ods_pol_pri_jaiper_rooadj	看守所人员监室调整信息	deten_hou_desig	string	11
ods_pol_pri_jaiper_rooadj	看守所人员监室调整信息	name	string	12
ods_pol_pri_jaiper_rooadj	看守所人员监室调整信息	cred_num	string	15
ods_pol_pri_jaiper_rooadj	看守所人员监室调整信息	orig_monroo_no	string	19
ods_pol_pri_jaient_heaexa	看守所入所健康检查信息	deten_hou_no	string	10
ods_pol_pri_jaient_heaexa	看守所入所健康检查信息	deten_hou_desig	string	11
ods_pol_pri_jaient_heaexa	看守所入所健康检查信息	name	string	12
ods_pol_pri_jaient_heaexa	看守所入所健康检查信息	cred_num	string	15
ods_pol_pri_jaient_heaexa	看守所入所健康检查信息	ente_stat_no	string	16
ods_pol_pri_jaient_heaexa	看守所入所健康检查信息	check_time	string	17
ods_pol_pri_hist_detes_deares	看守所历史在押人员处理结果	deten_hou_no	string	10
ods_pol_pri_hist_detes_deares	看守所历史在押人员处理结果	deten_hou_desig	string	11
ods_pol_pri_hist_detes_deares	看守所历史在押人员处理结果	person_no	string	12
ods_pol_pri_hist_detes_deares	看守所历史在押人员处理结果	name	string	13
ods_pol_pri_hist_detes_deares	看守所历史在押人员处理结果	cert_no	string	14
ods_pol_pri_hist_detes_deares	看守所历史在押人员处理结果	proc_time	string	15
ods_pol_pri_hist_detes_deares	看守所历史在押人员处理结果	sententce_start_date	string	18
ods_pol_pri_hist_detes_deares	看守所历史在押人员处理结果	sententce_due_date	string	19
ods_pol_pri_detsta_outper_info	看守所出所人员信息	deci_date	string	34
ods_pol_pri_drcper_rooadj	戒毒所人员监室调整信息	drug_trea_place_no	string	10
ods_pol_pri_drcper_rooadj	戒毒所人员监室调整信息	drug_trea_place_desig	string	11
ods_pol_pri_drcper_rooadj	戒毒所人员监室调整信息	cred_num	string	16
ods_pol_pri_drcper_rooadj	戒毒所人员监室调整信息	orig_drug_trea_room_no	string	22
ods_pol_pri_drcent_heaexa	戒毒所入所健康检查信息	drug_trea_place_no	string	11
ods_pol_pri_drcent_heaexa	戒毒所入所健康检查信息	drug_trea_place_desig	string	12
ods_pol_pri_drcent_heaexa	戒毒所入所健康检查信息	cert_no	string	13
ods_pol_pri_drcent_heaexa	戒毒所入所健康检查信息	check_time	string	15
ods_pol_sec_netbar_intper_info	网吧上网人员信息	inte_per_name	string	10
ods_pol_sec_netbar_intper_info	网吧上网人员信息	cred_num	string	14
ods_pol_sec_netbar_intper_info	网吧上网人员信息	maieng_ip	string	20
ods_pol_sec_netbar_intper_info	网吧上网人员信息	intenet_start_time	string	23
ods_pol_sec_netbar_intper_info	网吧上网人员信息	intenet_end_time	string	24
ods_pol_sec_netbar_intper_info	网吧上网人员信息	intenet_time_length	string	25
ods_pol_sec_netbar_intper_info	网吧上网人员信息	prem_no	string	26
ods_pol_sec_netbar_intper_info	网吧上网人员信息	prem_desig	string	27
ods_pol_sec_netbar_intper_info	网吧上网人员信息	reg_type_name	string	28
ods_pol_sec_netbar_intper_info	网吧上网人员信息	addr_name	string	34
ods_soc_mcc_elefen_calrec	电围通话记录信息	resp_time	string	11
ods_soc_mcc_elefen_calrec	电围通话记录信息	charg_houest_idecod	string	24
ods_soc_mcc_elefen_calrec	电围通话记录信息	charg_loc_area_code	string	25
ods_soc_mcc_elefen_calrec	电围通话记录信息	charg_mob	string	27
ods_soc_mcc_elefen_calrec	电围通话记录信息	charg_wher_ctct_tel_arcod	string	28
ods_soc_mcc_elefen_calrec	电围通话记录信息	charg_wher_city_name	string	29
ods_soc_mcc_elefen_calrec	电围通话记录信息	dtmf	string	39
ods_soc_mcc_elefen_calrec	电围通话记录信息	talk_time	string	40
ods_soc_mcc_elefen_calrec	电围通话记录信息	oppos_mob	string	73
ods_soc_mcc_elefen_calrec	电围通话记录信息	oppos_wher_ctct_tel_arcod	string	74
ods_soc_mcc_elefen_calrec	电围通话记录信息	oppos_wher_city_name	string	75
ods_soc_mcc_elefen_calrec	电围通话记录信息	capture_time	string	95
ods_soc_mcc_elefen_calrec	电围通话记录信息	main_becall_ident	string	108
ods_soc_mcc_elefen_calrec	电围通话记录信息	elefen_event_type_code	string	151
ods_pol_sec_fixlin_voic_busi	电查固网语音业务	star_time	string	10
ods_pol_sec_fixlin_voic_busi	电查固网语音业务	charg_ctct_tel	string	11
ods_pol_sec_fixlin_voic_busi	电查固网语音业务	oppos_ctct_tel	string	12
ods_pol_sec_fixlin_voic_busi	电查固网语音业务	talk_time	string	14
ods_pol_sec_fixlin_voic_busi	电查固网语音业务	main_call_no_ctct_tel_arcod	string	15
ods_pol_sec_fixlin_voic_busi	电查固网语音业务	be_call_no_ctct_tel_arcod	string	16
ods_pol_sec_fixlin_voic_busi	电查固网语音业务	call_type_code	string	23
ods_pol_pub_dw_sms	电围短信业务信息	user_num	string	13
ods_pol_pub_dw_sms	电围短信业务信息	user_homloc_ctct_tel_arcod	string	14
ods_pol_pub_dw_sms	电围短信业务信息	oppos_num	string	15
ods_pol_pub_dw_sms	电围短信业务信息	oppos_homloc_ctct_tel_arcod	string	16
ods_pol_pub_dw_sms	电围短信业务信息	loc_area_code	string	21
ods_pol_pub_dw_sms	电围短信业务信息	bassta_houest_idecod	string	22
ods_pol_pub_dw_sms	电围短信业务信息	bassta_lon	string	23
ods_pol_pub_dw_sms	电围短信业务信息	bassta_lat	string	24
ods_pol_pub_dw_sms	电围短信业务信息	send_time	string	26
ods_pol_pub_dw_sms	电围短信业务信息	sms_cont	string	27
ods_pol_pub_dw_sms	电围短信业务信息	oppos_loc_area_code	string	46
ods_pol_pub_dw_sms	电围短信业务信息	oppos_bassta_houest_idecod	string	47
ods_pol_pub_dw_sms	电围短信业务信息	oppos_bassta_lon	string	59
ods_pol_pub_dw_sms	电围短信业务信息	oppos_bassta_lat	string	60
ods_pol_pub_dw_sms	电围短信业务信息	start_time	string	68
ods_pol_pub_dw_sms	电围短信业务信息	elefen_event_type_code	string	76
ods_pol_sec_gsm_voic_busi	电查GSM语音业务	star_time	string	10
ods_pol_sec_gsm_voic_busi	电查GSM语音业务	charg_ctct_tel	string	11
ods_pol_sec_gsm_voic_busi	电查GSM语音业务	oppos_ctct_tel	string	14
ods_pol_sec_gsm_voic_busi	电查GSM语音业务	talk_time	string	15
ods_pol_sec_gsm_voic_busi	电查GSM语音业务	call_type_code	string	16
ods_pol_sec_gsm_voic_busi	电查GSM语音业务	main_call_no_ctct_tel_arcod	string	18
ods_pol_sec_gsm_voic_busi	电查GSM语音业务	be_call_no_ctct_tel_arcod	string	19
ods_pol_sec_gsm_voic_busi	电查GSM语音业务	charg_curr_loc_area_code	string	23
ods_pol_sec_gsm_voic_busi	电查GSM语音业务	charg_curr_houest_idecod	string	24
ods_pol_sec_gsm_voic_busi	电查GSM语音业务	oppos_curr_loc_area_code	string	27
ods_pol_sec_gsm_voic_busi	电查GSM语音业务	oppos_curr_houest_idecod	string	28
ods_pol_sec_gsm_voic_busi	电查GSM语音业务	roam_type_code	string	34
ods_pol_sec_gsm_voic_busi	电查GSM语音业务	roam_type_name	string	35
ods_pol_sec_gsm_voic_busi	电查GSM语音业务	charg_curr_lon	string	40
ods_pol_sec_gsm_voic_busi	电查GSM语音业务	charg_curr_lat	string	41
ods_pol_sec_gsm_voic_busi	电查GSM语音业务	oppos_curr_lon	string	58
ods_pol_sec_gsm_voic_busi	电查GSM语音业务	oppos_curr_lat	string	59
ods_pol_sec_gsm_voic_busi	电查GSM语音业务	main_becall_ident	string	79
ods_pol_sec_vpmn_busi	电查VPMN业务	star_time	string	10
ods_pol_sec_vpmn_busi	电查VPMN业务	charg_ctct_tel	string	11
ods_pol_sec_vpmn_busi	电查VPMN业务	oppos_ctct_tel	string	13
ods_pol_sec_vpmn_busi	电查VPMN业务	talk_time	string	16
ods_pol_sec_vpmn_busi	电查VPMN业务	call_type_code	string	17
ods_pol_sec_vpmn_busi	电查VPMN业务	charg_ctct_tel_arcod	string	19
ods_pol_sec_vpmn_busi	电查VPMN业务	oppos_ctct_tel_arcod	string	21
ods_pol_sec_vpmn_busi	电查VPMN业务	charg_loc_area_code	string	23
ods_pol_sec_vpmn_busi	电查VPMN业务	charg_houest_idecod	string	24
ods_pol_sec_vpmn_busi	电查VPMN业务	oppos_loc_area_code	string	25
ods_pol_sec_vpmn_busi	电查VPMN业务	oppos_houest_idecod	string	26
ods_pol_sec_vpmn_busi	电查VPMN业务	charg_lon	string	33
ods_pol_sec_vpmn_busi	电查VPMN业务	charg_lat	string	34
ods_pol_sec_vpmn_busi	电查VPMN业务	oppos_lon	string	42
ods_pol_sec_vpmn_busi	电查VPMN业务	oppos_lat	string	43
ods_tb_cdr	2_3G_CDR话单信息	kssj	string	14
ods_tb_cdr	2_3G_CDR话单信息	lxdh	string	15
ods_tb_cdr	2_3G_CDR话单信息	yh_gsd_dm	string	16
ods_tb_cdr	2_3G_CDR话单信息	df_lxdh	string	17
ods_tb_cdr	2_3G_CDR话单信息	df_gsd_dm	string	18
ods_tb_cdr	2_3G_CDR话单信息	th_ks1_wzq_dm	string	23
ods_tb_cdr	2_3G_CDR话单信息	th_ks1_xq4_bh	string	24
ods_tb_cdr	2_3G_CDR话单信息	th_ks1_jz2_dqjd	string	25
ods_tb_cdr	2_3G_CDR话单信息	th_ks1_jz2_dqwd	string	26
ods_tb_cdr	2_3G_CDR话单信息	zbj_bs	string	28
ods_tb_cdr	2_3G_CDR话单信息	thsc	string	30
ods_tb_cdr	2_3G_CDR话单信息	dd16_wzq_dm	string	64
ods_tb_cdr	2_3G_CDR话单信息	dd16_xq4_bh	string	65
ods_tb_cdr	2_3G_CDR话单信息	dd16_jz2_dqjd	string	66
ods_tb_cdr	2_3G_CDR话单信息	dd16_jz2_dqwd	string	67
ods_pol_sec_mobile_roam_busi	电查移动漫游业务	star_time	string	10
ods_pol_sec_mobile_roam_busi	电查移动漫游业务	charg_ctct_tel	string	11
ods_pol_sec_mobile_roam_busi	电查移动漫游业务	oppos_ctct_tel	string	14
ods_pol_sec_mobile_roam_busi	电查移动漫游业务	time_length	string	15
ods_pol_sec_mobile_roam_busi	电查移动漫游业务	call_type_code	string	16
ods_pol_sec_mobile_roam_busi	电查移动漫游业务	main_call_no_ctct_tel_arcod	string	18
ods_pol_sec_mobile_roam_busi	电查移动漫游业务	be_call_no_ctct_tel_arcod	string	19
ods_pol_sec_mobile_roam_busi	电查移动漫游业务	charg_loc_area_code	string	23
ods_pol_sec_mobile_roam_busi	电查移动漫游业务	charg_houest_idecod	string	24
ods_pol_sec_mobile_roam_busi	电查移动漫游业务	charg_lon	string	34
ods_pol_sec_mobile_roam_busi	电查移动漫游业务	charg_lat	string	35
ods_pol_sec_mobile_roam_busi	电查移动漫游业务	oppos_loc_area_code	string	43
ods_pol_sec_mobile_roam_busi	电查移动漫游业务	oppos_houest_idecod	string	44
ods_pol_sec_mobile_roam_busi	电查移动漫游业务	oppos_lon	string	45
ods_pol_sec_mobile_roam_busi	电查移动漫游业务	oppos_lat	string	46