dm	mc	lb	bz
DM01	注册	person_rel_phone_type	人关联电话类型
DM02	关联	person_rel_phone_type	人关联电话类型
DM03	注销	person_rel_phone_type	人关联电话类型
DM04	持有（机主）	person_rel_phone_type	人关联电话类型
111	居民身份证	sfz_type	身份证件类型
112	临时居民身份证	sfz_type	身份证件类型
F001	香港身份证	sfz_type	身份证件类型
F002	澳门身份证	sfz_type	身份证件类型
F003	台湾身份证	sfz_type	身份证件类型
DC01	报案	case_link_person_type	身份关联案件
DC02	受害	case_link_person_type	身份关联案件
DC03	嫌疑	case_link_person_type	身份关联案件
DC04	证人	case_link_person_type	身份关联案件
DZ001	出生地址	person_address_type	地址类别
DZ002	身份证地址	person_address_type	地址类别
DZ003	户籍地址	person_address_type	地址类别
DZ004	现住/居住地址	person_address_type	地址类别
DZ005	暂住地址	person_address_type	地址类别
DZ006	家庭地址	person_address_type	地址类别
DZ007	工作地址	person_address_type	地址类别
DZ008	用水地址	person_address_type	地址类别
DZ009	用电地址	person_address_type	地址类别
DSCH001	雇佣	person_link_school_type	人关联学校类型
DSCH002	就读	person_link_school_type	人关联学校类型
RR01	伴随	phone_link_phone_type	电话间关系类型
RR03	同卡	phone_link_phone_type	电话间关系类型
RR01	伴随	imsi_link_imsi_type	imsi间关系类型
RR02	同机	imsi_link_imsi_type	imsi间关系类型
CZ01	案发地址	case_address_type	案件关联地址类型
RR01	伴随	phone_link_imsi_type	电话与imsi关系类型
RR03	同卡	phone_link_imsi_type	电话与imsi关系类型
DCOM001	法人	person_link_com_type	人与公司间关系类型
DCOM002	雇佣	person_link_com_type	人与公司间关系类型
DCOM003	股东	person_link_com_type	人与公司间关系类型
DHU01	所有	person_link_house_type	人关联房屋类型
DHU02	租住	person_link_house_type	人关联房屋类型
DHU03	出售	person_link_house_type	人关联房屋类型
DHU04	买入	person_link_house_type	人关联房屋类型
DHU05	居住	person_link_house_type	人关联房屋类型
DHU06	寄住	person_link_house_type	人关联房屋类型
111	居民身份证	other_zjhm_type	其他证件号码类型
112	临时居民身份证	other_zjhm_type	其他证件号码类型
113	户口簿	other_zjhm_type	其他证件号码类型
114	中国人民解放军军官证	other_zjhm_type	其他证件号码类型
115	中国人民武装警察部队警官证	other_zjhm_type	其他证件号码类型
116	暂住证	other_zjhm_type	其他证件号码类型
117	出生医学证明	other_zjhm_type	其他证件号码类型
118	中国人民解放军士兵证	other_zjhm_type	其他证件号码类型
119	中国人民武装警察部队士兵证	other_zjhm_type	其他证件号码类型
121	法官证	other_zjhm_type	其他证件号码类型
123	人民警察证	other_zjhm_type	其他证件号码类型
125	检察官证	other_zjhm_type	其他证件号码类型
127	律师证	other_zjhm_type	其他证件号码类型
129	记者证	other_zjhm_type	其他证件号码类型
131	工作证	other_zjhm_type	其他证件号码类型
133	学生证	other_zjhm_type	其他证件号码类型
151	出入证	other_zjhm_type	其他证件号码类型
153	临时出入证	other_zjhm_type	其他证件号码类型
154	居住证	other_zjhm_type	其他证件号码类型
157	医疗证	other_zjhm_type	其他证件号码类型
159	劳保证	other_zjhm_type	其他证件号码类型
161	献血证	other_zjhm_type	其他证件号码类型
163	保险单	other_zjhm_type	其他证件号码类型
191	会员证	other_zjhm_type	其他证件号码类型
211	离休证	other_zjhm_type	其他证件号码类型
212	中国人民解放军军官离休证	other_zjhm_type	其他证件号码类型
213	退休证	other_zjhm_type	其他证件号码类型
214	中国人民解放军军官退休证	other_zjhm_type	其他证件号码类型
215	老年证	other_zjhm_type	其他证件号码类型
216	中国人民武装警察部队警官离休证	other_zjhm_type	其他证件号码类型
217	残疾证	other_zjhm_type	其他证件号码类型
218	中国人民武装警察部队警官退休证	other_zjhm_type	其他证件号码类型
219	结婚证	other_zjhm_type	其他证件号码类型
221	离婚证	other_zjhm_type	其他证件号码类型
223	独生子女证	other_zjhm_type	其他证件号码类型
225	毕业证	other_zjhm_type	其他证件号码类型
227	肄业证	other_zjhm_type	其他证件号码类型
229	结业证	other_zjhm_type	其他证件号码类型
231	学位证	other_zjhm_type	其他证件号码类型
233	军人通行证	other_zjhm_type	其他证件号码类型
240	社会医疗保障卡	other_zjhm_type	其他证件号码类型
241	公共交通卡	other_zjhm_type	其他证件号码类型
291	证明信	other_zjhm_type	其他证件号码类型
311	持枪证	other_zjhm_type	其他证件号码类型
313	枪证	other_zjhm_type	其他证件号码类型
315	枪支（弹药）携运许可证	other_zjhm_type	其他证件号码类型
317	砍伐证	other_zjhm_type	其他证件号码类型
319	准运证	other_zjhm_type	其他证件号码类型
321	准购证	other_zjhm_type	其他证件号码类型
323	粮油证	other_zjhm_type	其他证件号码类型
325	购煤证	other_zjhm_type	其他证件号码类型
327	购煤气证	other_zjhm_type	其他证件号码类型
329	房屋产权证	other_zjhm_type	其他证件号码类型
331	土地使用证	other_zjhm_type	其他证件号码类型
333	车辆通行证	other_zjhm_type	其他证件号码类型
335	机动车驾驶证	other_zjhm_type	其他证件号码类型
336	机动车临时驾驶许可证	other_zjhm_type	其他证件号码类型
337	机动车行驶证	other_zjhm_type	其他证件号码类型
339	机动车登记证书	other_zjhm_type	其他证件号码类型
341	机动车年检合格证	other_zjhm_type	其他证件号码类型
343	春运合格证	other_zjhm_type	其他证件号码类型
345	飞机驾驶证	other_zjhm_type	其他证件号码类型
347	船舶驾驶证	other_zjhm_type	其他证件号码类型
349	船舶行驶证	other_zjhm_type	其他证件号码类型
350	船舶搭靠外轮许可证	other_zjhm_type	其他证件号码类型
353	汽车号牌	other_zjhm_type	其他证件号码类型
355	拖拉机号牌	other_zjhm_type	其他证件号码类型
357	摩托车号牌	other_zjhm_type	其他证件号码类型
359	船舶牌	other_zjhm_type	其他证件号码类型
361	三轮车号牌	other_zjhm_type	其他证件号码类型
363	自行车号牌	other_zjhm_type	其他证件号码类型
391	残疾人机动轮椅车号牌	other_zjhm_type	其他证件号码类型
411	外交护照	other_zjhm_type	其他证件号码类型
412	公务护照	other_zjhm_type	其他证件号码类型
413	公务普通护照	other_zjhm_type	其他证件号码类型
414	普通护照	other_zjhm_type	其他证件号码类型
415	旅行证	other_zjhm_type	其他证件号码类型
416	出入境通行证	other_zjhm_type	其他证件号码类型
417	外国人出入境通行证	other_zjhm_type	其他证件号码类型
418	外国人旅行证	other_zjhm_type	其他证件号码类型
419	海员证	other_zjhm_type	其他证件号码类型
420	香港特别行政区护照	other_zjhm_type	其他证件号码类型
421	澳门特别行政区护照	other_zjhm_type	其他证件号码类型
511	台湾居民来往大陆通行证（多次有效）	other_zjhm_type	其他证件号码类型
512	台湾居民来往大陆通行证（一次有效）	other_zjhm_type	其他证件号码类型
513	往来港澳通行证	other_zjhm_type	其他证件号码类型
515	前往港澳通行证	other_zjhm_type	其他证件号码类型
516	港澳居民来往内地通行证	other_zjhm_type	其他证件号码类型
517	往来台湾通行证	other_zjhm_type	其他证件号码类型
518	因公往来香港澳门特别行政区通行证	other_zjhm_type	其他证件号码类型
552	台湾居民定居证	other_zjhm_type	其他证件号码类型
553	外国人永久居留证	other_zjhm_type	其他证件号码类型
554	外国人居留证或居留许可	other_zjhm_type	其他证件号码类型
555	外国人临时居留证	other_zjhm_type	其他证件号码类型
556	入籍证书	other_zjhm_type	其他证件号码类型
557	退籍证书	other_zjhm_type	其他证件号码类型
558	复籍证书	other_zjhm_type	其他证件号码类型
620	海上值勤证（红色）	other_zjhm_type	其他证件号码类型
621	海上值勤证（蓝色）	other_zjhm_type	其他证件号码类型
631	出海船民证	other_zjhm_type	其他证件号码类型
633	出海船舶户口簿	other_zjhm_type	其他证件号码类型
634	出海船舶边防登记簿	other_zjhm_type	其他证件号码类型
635	搭靠台轮许可证	other_zjhm_type	其他证件号码类型
636	台湾居民登陆证	other_zjhm_type	其他证件号码类型
637	台湾船员登陆证	other_zjhm_type	其他证件号码类型
638	临时入境许可（船员）	other_zjhm_type	其他证件号码类型
639	对台劳务人员登轮作业证	other_zjhm_type	其他证件号码类型
640	合资船船员登陆证	other_zjhm_type	其他证件号码类型
641	合资船船员登轮作业证	other_zjhm_type	其他证件号码类型
642	粤港澳流动渔民证	other_zjhm_type	其他证件号码类型
643	粤港澳临时流动渔民证	other_zjhm_type	其他证件号码类型
644	粤港澳流动渔船户口簿	other_zjhm_type	其他证件号码类型
647	登轮许可证	other_zjhm_type	其他证件号码类型
650	劳务人员登轮作业证	other_zjhm_type	其他证件号码类型
711	边境管理区通行证	other_zjhm_type	其他证件号码类型
721	中朝鸭绿江、图们江水文作业证	other_zjhm_type	其他证件号码类型
722	朝中鸭绿江、图们江水文作业证	other_zjhm_type	其他证件号码类型
723	中朝流筏固定代表证	other_zjhm_type	其他证件号码类型
724	朝中流筏固定代表证	other_zjhm_type	其他证件号码类型
725	中朝鸭绿江、图们江船员证	other_zjhm_type	其他证件号码类型
726	朝中鸭绿江、图们江船员证	other_zjhm_type	其他证件号码类型
727	中朝边境地区公安总代表证	other_zjhm_type	其他证件号码类型
728	朝中边境地区安全总代表证	other_zjhm_type	其他证件号码类型
729	中朝边境地区公安副总代表证	other_zjhm_type	其他证件号码类型
730	朝中边境地区安全副总代表证	other_zjhm_type	其他证件号码类型
731	中朝边境地区公安代表证	other_zjhm_type	其他证件号码类型
732	朝中边境地区安全代表证	other_zjhm_type	其他证件号码类型
733	中朝边境地区出入境通行证（甲、乙种本）	other_zjhm_type	其他证件号码类型
734	朝中边境公务通行证	other_zjhm_type	其他证件号码类型
735	朝中边境住民国境通行证	other_zjhm_type	其他证件号码类型
736	中蒙边境地区出入境通行证（甲、乙种本）	other_zjhm_type	其他证件号码类型
737	蒙中边境地区出入境通行证	other_zjhm_type	其他证件号码类型
738	中缅边境地区出入境通行证	other_zjhm_type	其他证件号码类型
739	缅甸中国边界通行证	other_zjhm_type	其他证件号码类型
740	云南省边境地区境外边民入出境证	other_zjhm_type	其他证件号码类型
741	中尼边境地区出入境通行证	other_zjhm_type	其他证件号码类型
742	尼中边境地区出入境通行证	other_zjhm_type	其他证件号码类型
743	中越边境地区出入境通行证	other_zjhm_type	其他证件号码类型
744	越中边境地区出入境通行证	other_zjhm_type	其他证件号码类型
745	中老边境地区出入境通行证	other_zjhm_type	其他证件号码类型
746	老中边境地区出入境通行证	other_zjhm_type	其他证件号码类型
747	中印边境地区出入境通行证	other_zjhm_type	其他证件号码类型
748	印中边境地区出入境通行证	other_zjhm_type	其他证件号码类型
761	深圳市过境耕作证	other_zjhm_type	其他证件号码类型
765	贸易证	other_zjhm_type	其他证件号码类型
771	铁路员工证	other_zjhm_type	其他证件号码类型
781	机组人员证	other_zjhm_type	其他证件号码类型
791	外交人员身份证明	other_zjhm_type	其他证件号码类型
792	境外人员身份证明	other_zjhm_type	其他证件号码类型
811	组织机构代码证书	other_zjhm_type	其他证件号码类型
812	单位注销证明	other_zjhm_type	其他证件号码类型
813	驻华机构证明	other_zjhm_type	其他证件号码类型
821	营业执照（正本）	other_zjhm_type	其他证件号码类型
822	营业执照（副本）	other_zjhm_type	其他证件号码类型
990	其他	other_zjhm_type	其他证件号码类型
1030036	微信	im_acccount_type	用户帐号类型
1520070	（忽略）	im_acccount_type	用户帐号类型
1330001	新浪微博	im_acccount_type	用户帐号类型
1030001	QQ	im_acccount_type	用户帐号类型
1170001	中国移动彩信	im_acccount_type	用户帐号类型
1	火车	order_type	订单类型
2	航班	order_type	订单类型
3	汽车	order_type	订单类型
4	宾馆	order_type	订单类型
5	其他	order_type	订单类型
6	快递	order_type	订单类型
100	亲属关系	person_link_person_type	人的身份关系
101	本人	person_link_person_type	人的身份关系
102	户主	person_link_person_type	人的身份关系
110	配偶	person_link_person_type	人的身份关系
111	夫	person_link_person_type	人的身份关系
112	妻	person_link_person_type	人的身份关系
120	子	person_link_person_type	人的身份关系
121	独生子	person_link_person_type	人的身份关系
122	长子	person_link_person_type	人的身份关系
123	次子	person_link_person_type	人的身份关系
124	三子	person_link_person_type	人的身份关系
125	四子	person_link_person_type	人的身份关系
126	五子	person_link_person_type	人的身份关系
127	养子或继子	person_link_person_type	人的身份关系
128	女婿	person_link_person_type	人的身份关系
129	其它儿子	person_link_person_type	人的身份关系
130	女	person_link_person_type	人的身份关系
131	独生女	person_link_person_type	人的身份关系
132	长女	person_link_person_type	人的身份关系
133	二女	person_link_person_type	人的身份关系
134	三女	person_link_person_type	人的身份关系
135	四女	person_link_person_type	人的身份关系
136	五女	person_link_person_type	人的身份关系
137	养女	person_link_person_type	人的身份关系
138	儿媳	person_link_person_type	人的身份关系
139	其它女儿	person_link_person_type	人的身份关系
140	孙子,孙女或外孙子,外孙女	person_link_person_type	人的身份关系
141	孙子	person_link_person_type	人的身份关系
142	孙女	person_link_person_type	人的身份关系
143	外孙子	person_link_person_type	人的身份关系
144	外孙女	person_link_person_type	人的身份关系
145	孙媳妇或外孙媳妇	person_link_person_type	人的身份关系
146	孙女婿或外孙女婿	person_link_person_type	人的身份关系
147	曾孙子或曾外孙子	person_link_person_type	人的身份关系
148	曾孙女或曾外孙女	person_link_person_type	人的身份关系
149	其他孙子,孙女或外孙子	person_link_person_type	人的身份关系
150	父母	person_link_person_type	人的身份关系
151	父亲	person_link_person_type	人的身份关系
152	母亲	person_link_person_type	人的身份关系
153	公公	person_link_person_type	人的身份关系
154	婆婆	person_link_person_type	人的身份关系
155	岳父	person_link_person_type	人的身份关系
156	岳母	person_link_person_type	人的身份关系
157	继父或养父	person_link_person_type	人的身份关系
158	继母或养母	person_link_person_type	人的身份关系
159	其它父母关系	person_link_person_type	人的身份关系
160	祖父母或外祖父母	person_link_person_type	人的身份关系
161	祖父	person_link_person_type	人的身份关系
162	祖母	person_link_person_type	人的身份关系
163	外祖父	person_link_person_type	人的身份关系
164	外祖母	person_link_person_type	人的身份关系
165	配偶的祖父母或外祖父母	person_link_person_type	人的身份关系
166	曾祖父	person_link_person_type	人的身份关系
167	曾祖母	person_link_person_type	人的身份关系
168	配偶的曾祖父母	person_link_person_type	人的身份关系
169	其它祖父母或外祖父母关系	person_link_person_type	人的身份关系
170	兄弟姐妹	person_link_person_type	人的身份关系
171	兄	person_link_person_type	人的身份关系
172	嫂	person_link_person_type	人的身份关系
173	弟	person_link_person_type	人的身份关系
174	弟媳	person_link_person_type	人的身份关系
175	姐姐	person_link_person_type	人的身份关系
176	姐夫	person_link_person_type	人的身份关系
177	妹妹	person_link_person_type	人的身份关系
178	妹夫	person_link_person_type	人的身份关系
179	其它兄弟姐妹	person_link_person_type	人的身份关系
181	伯父	person_link_person_type	人的身份关系
182	伯母	person_link_person_type	人的身份关系
183	叔父	person_link_person_type	人的身份关系
184	婶母	person_link_person_type	人的身份关系
185	舅父	person_link_person_type	人的身份关系
186	舅母	person_link_person_type	人的身份关系
187	姨父	person_link_person_type	人的身份关系
188	姨母	person_link_person_type	人的身份关系
189	姑父	person_link_person_type	人的身份关系
190	姑母	person_link_person_type	人的身份关系
191	堂兄弟,堂姐妹	person_link_person_type	人的身份关系
192	表兄弟,表姐妹	person_link_person_type	人的身份关系
193	侄子	person_link_person_type	人的身份关系
194	侄女	person_link_person_type	人的身份关系
195	外甥	person_link_person_type	人的身份关系
196	外甥女	person_link_person_type	人的身份关系
197	其他亲属	person_link_person_type	人的身份关系
199	非亲属	person_link_person_type	人的身份关系
200	非亲属关系	person_link_person_type	人的身份关系
210	同案人	person_link_person_type	人的身份关系
220	朋友	person_link_person_type	人的身份关系
221	同伙	person_link_person_type	人的身份关系
222	同监	person_link_person_type	人的身份关系
223	结拜兄弟（姐妹）	person_link_person_type	人的身份关系
224	赌友	person_link_person_type	人的身份关系
225	毒友	person_link_person_type	人的身份关系
226	贩毒上线	person_link_person_type	人的身份关系
227	贩毒下线	person_link_person_type	人的身份关系
230	同事	person_link_person_type	人的身份关系
231	同乡	person_link_person_type	人的身份关系
232	同学	person_link_person_type	人的身份关系
233	校友	person_link_person_type	人的身份关系
234	战友	person_link_person_type	人的身份关系
235	学友	person_link_person_type	人的身份关系
236	网友	person_link_person_type	人的身份关系
240	师生	person_link_person_type	人的身份关系
241	师徒	person_link_person_type	人的身份关系
242	教友	person_link_person_type	人的身份关系
243	同寄住人	person_link_person_type	人的身份关系
244	寄住人	person_link_person_type	人的身份关系
245	被寄住人	person_link_person_type	人的身份关系
246	同上网关系人	person_link_person_type	人的身份关系
247	车辆违章关系人	person_link_person_type	人的身份关系
250	邻居	person_link_person_type	人的身份关系
260	主雇	person_link_person_type	人的身份关系
261	合伙人	person_link_person_type	人的身份关系
262	客户	person_link_person_type	人的身份关系
270	恋人	person_link_person_type	人的身份关系
271	情人	person_link_person_type	人的身份关系
272	同性恋	person_link_person_type	人的身份关系
280	前夫妻	person_link_person_type	人的身份关系
281	前夫	person_link_person_type	人的身份关系
282	前妻	person_link_person_type	人的身份关系
283	病友	person_link_person_type	人的身份关系
284	医患	person_link_person_type	人的身份关系
285	火车同行	person_link_person_type	人的身份关系
286	航班同行	person_link_person_type	人的身份关系
287	主顾	person_link_person_type	人的身份关系
288	同房间同宿	person_link_person_type	人的身份关系
289	同宾馆同宿	person_link_person_type	人的身份关系
290	其他非亲属	person_link_person_type	人的身份关系
291	同宗人	person_link_person_type	人的身份关系
DHH01	在籍	curr_domic_type	当前户口状态
DHH02	迁入	curr_domic_type	当前户口状态
DHH03	迁出	curr_domic_type	当前户口状态
DHH04	变动	curr_domic_type	当前户口状态
DHH05	注销（死亡）	curr_domic_type	当前户口状态
10	家庭户口	domic_type	户口类型
11	非农业家庭户口	domic_type	户口类型
12	农业家庭户口	domic_type	户口类型
20	集体户口	domic_type	户口类型
21	非农业集体户口	domic_type	户口类型
22	农业集体户口	domic_type	户口类型
30	未落常住户口	domic_type	户口类型
40	居民户口	domic_type	户口类型
90	其他户口	domic_type	户口类型
10	家庭户口	domic_nature_type	户口性质类型
11	非农业家庭户口	domic_nature_type	户口性质类型
12	农业家庭户口	domic_nature_type	户口性质类型
21	非农业集体户口	domic_nature_type	户口性质类型
22	农业集体户口	domic_nature_type	户口性质类型
90	其他户口	domic_nature_type	户口性质类型
99	其他户口	domic_nature_type	户口性质类型
1	火车	order_type	同订单类型代码
2	航班	order_type	同订单类型代码
3	汽车	order_type	同订单类型代码
4	宾馆	order_type	同订单类型代码
5	其他	order_type	同订单类型代码
6	快递	order_type	同订单类型代码
1	农、林、牧、渔业	company_hylb_type	公司行业类别代码
10	非金属矿采选业	company_hylb_type	公司行业类别代码
101	土砂石开采	company_hylb_type	公司行业类别代码
1011	石灰石、石膏开采	company_hylb_type	公司行业类别代码
1012	建筑装饰用石开采	company_hylb_type	公司行业类别代码
1013	耐火土石开采	company_hylb_type	公司行业类别代码
1019	粘土及其他土砂石开采	company_hylb_type	公司行业类别代码
1020	化学矿开采	company_hylb_type	公司行业类别代码
1030	采盐	company_hylb_type	公司行业类别代码
109	石棉及其他非金属矿采选	company_hylb_type	公司行业类别代码
1091	石棉、云母矿采选	company_hylb_type	公司行业类别代码
1092	石墨、滑石采选	company_hylb_type	公司行业类别代码
1093	宝石、玉石采选	company_hylb_type	公司行业类别代码
1099	其他未列明非金属矿采选	company_hylb_type	公司行业类别代码
11	开采专业及辅助性活动	company_hylb_type	公司行业类别代码
111	稻谷种植	company_hylb_type	公司行业类别代码
1110	煤炭开采和洗选专业及辅助性活动	company_hylb_type	公司行业类别代码
112	小麦种植	company_hylb_type	公司行业类别代码
1120	石油和天然气开采专业及辅助性活动	company_hylb_type	公司行业类别代码
113	玉米种植	company_hylb_type	公司行业类别代码
119	其他谷物种植	company_hylb_type	公司行业类别代码
1190	其他开采专业及辅助性活动	company_hylb_type	公司行业类别代码
12	其他采矿业	company_hylb_type	公司行业类别代码
1200	其他采矿业	company_hylb_type	公司行业类别代码
121	豆类种植	company_hylb_type	公司行业类别代码
122	油料种植	company_hylb_type	公司行业类别代码
123	薯类种植	company_hylb_type	公司行业类别代码
13	农副食品加工业	company_hylb_type	公司行业类别代码
131	谷物磨制	company_hylb_type	公司行业类别代码
1311	稻谷加工	company_hylb_type	公司行业类别代码
1312	小麦加工	company_hylb_type	公司行业类别代码
1313	玉米加工	company_hylb_type	公司行业类别代码
1314	杂粮加工	company_hylb_type	公司行业类别代码
1319	其他谷物磨制	company_hylb_type	公司行业类别代码
132	饲料加工	company_hylb_type	公司行业类别代码
1321	宠物饲料加工	company_hylb_type	公司行业类别代码
1329	其他饲料加工	company_hylb_type	公司行业类别代码
133	植物油加工	company_hylb_type	公司行业类别代码
1331	食用植物油加工	company_hylb_type	公司行业类别代码
1332	非食用植物油加工	company_hylb_type	公司行业类别代码
134	烟草种植	company_hylb_type	公司行业类别代码
1341340	制糖业	company_hylb_type	公司行业类别代码
135	屠宰及肉类加工	company_hylb_type	公司行业类别代码
1351	牲畜屠宰	company_hylb_type	公司行业类别代码
1352	禽类屠宰	company_hylb_type	公司行业类别代码
1353	肉制品及副产品加工	company_hylb_type	公司行业类别代码
136	水产品加工	company_hylb_type	公司行业类别代码
1361	水产品冷冻加工	company_hylb_type	公司行业类别代码
1362	鱼糜制品及水产品干腌制加工	company_hylb_type	公司行业类别代码
1363	鱼油提取及制品制造	company_hylb_type	公司行业类别代码
1369	其他水产品加工	company_hylb_type	公司行业类别代码
137	蔬菜、菌类、水果和坚果加工	company_hylb_type	公司行业类别代码
1371	蔬菜加工	company_hylb_type	公司行业类别代码
1372	食用菌加工	company_hylb_type	公司行业类别代码
1373	水果和坚果加工	company_hylb_type	公司行业类别代码
139	其他农副食品加工	company_hylb_type	公司行业类别代码
1391	淀粉及淀粉制品制造	company_hylb_type	公司行业类别代码
1392	豆制品制造	company_hylb_type	公司行业类别代码
1393	蛋品加工	company_hylb_type	公司行业类别代码
1399	其他未列明农副食品加工	company_hylb_type	公司行业类别代码
14	食品制造业	company_hylb_type	公司行业类别代码
141	焙烤食品制造	company_hylb_type	公司行业类别代码
1411	糕点、面包制造	company_hylb_type	公司行业类别代码
1419	饼干及其他焙烤食品制造	company_hylb_type	公司行业类别代码
142	糖果、巧克力及蜜饯制造	company_hylb_type	公司行业类别代码
1421	糖果、巧克力制造	company_hylb_type	公司行业类别代码
1422	蜜饯制作	company_hylb_type	公司行业类别代码
143	方便食品制造	company_hylb_type	公司行业类别代码
1431	米、面制品制造	company_hylb_type	公司行业类别代码
1432	速冻食品制造	company_hylb_type	公司行业类别代码
1433	方便面制造	company_hylb_type	公司行业类别代码
1439	其他方便食品制造	company_hylb_type	公司行业类别代码
144	乳制品制造	company_hylb_type	公司行业类别代码
1441	液体乳制造	company_hylb_type	公司行业类别代码
1442	乳粉制造	company_hylb_type	公司行业类别代码
1449	其他乳制品制造	company_hylb_type	公司行业类别代码
145	罐头食品制造	company_hylb_type	公司行业类别代码
1451	肉、禽类罐头制造	company_hylb_type	公司行业类别代码
1452	水产品罐头制造	company_hylb_type	公司行业类别代码
1453	蔬菜、水果罐头制造	company_hylb_type	公司行业类别代码
1459	其他罐头食品制造	company_hylb_type	公司行业类别代码
146	调味品、发酵制品制造	company_hylb_type	公司行业类别代码
1461	味精制造	company_hylb_type	公司行业类别代码
1462	酱油、食醋及类似制品制造	company_hylb_type	公司行业类别代码
1469	其他调味品、发酵制品制造	company_hylb_type	公司行业类别代码
149	其他食品制造	company_hylb_type	公司行业类别代码
1491	营养食品制造	company_hylb_type	公司行业类别代码
1492	保健食品制造	company_hylb_type	公司行业类别代码
1493	冷冻饮品及食用冰制造	company_hylb_type	公司行业类别代码
1494	盐加工	company_hylb_type	公司行业类别代码
1495	食品及饲料添加剂制造	company_hylb_type	公司行业类别代码
1499	其他未列明食品制造	company_hylb_type	公司行业类别代码
15	酒、饮料和精制茶制造业	company_hylb_type	公司行业类别代码
151	酒的制造	company_hylb_type	公司行业类别代码
1511	酒精制造	company_hylb_type	公司行业类别代码
1512	白酒制造	company_hylb_type	公司行业类别代码
1513	啤酒制造	company_hylb_type	公司行业类别代码
1514	黄酒制造	company_hylb_type	公司行业类别代码
1515	葡萄酒制造	company_hylb_type	公司行业类别代码
1519	其他酒制造	company_hylb_type	公司行业类别代码
152	饮料制造	company_hylb_type	公司行业类别代码
1521	碳酸饮料制造	company_hylb_type	公司行业类别代码
1522	瓶（罐）装饮用水制造	company_hylb_type	公司行业类别代码
1523	果菜汁及果菜汁饮料制造	company_hylb_type	公司行业类别代码
1524	含乳饮料和植物蛋白饮料制造	company_hylb_type	公司行业类别代码
1525	固体饮料制造	company_hylb_type	公司行业类别代码
1529	茶饮料及其他饮料制造	company_hylb_type	公司行业类别代码
153	柑橘类种植	company_hylb_type	公司行业类别代码
1530	精制茶加工	company_hylb_type	公司行业类别代码
154	香蕉等亚热带水果种植	company_hylb_type	公司行业类别代码
159	其他水果种植	company_hylb_type	公司行业类别代码
16	烟草制品业	company_hylb_type	公司行业类别代码
161	坚果种植	company_hylb_type	公司行业类别代码
1610	烟叶复烤	company_hylb_type	公司行业类别代码
162	含油果种植	company_hylb_type	公司行业类别代码
1620	卷烟制造	company_hylb_type	公司行业类别代码
163	香料作物种植	company_hylb_type	公司行业类别代码
164	茶叶种植	company_hylb_type	公司行业类别代码
169	其他饮料作物种植	company_hylb_type	公司行业类别代码
1690	其他烟草制品制造	company_hylb_type	公司行业类别代码
17	纺织业	company_hylb_type	公司行业类别代码
171	棉纺织及印染精加工	company_hylb_type	公司行业类别代码
1711	棉纺纱加工	company_hylb_type	公司行业类别代码
1712	棉织造加工	company_hylb_type	公司行业类别代码
1713	棉印染精加工	company_hylb_type	公司行业类别代码
172	毛纺织及染整精加工	company_hylb_type	公司行业类别代码
1721	毛条和毛纱线加工	company_hylb_type	公司行业类别代码
1722	毛织造加工	company_hylb_type	公司行业类别代码
1723	毛染整精加工	company_hylb_type	公司行业类别代码
173	麻纺织及染整精加工	company_hylb_type	公司行业类别代码
1731	麻纤维纺前加工和纺纱	company_hylb_type	公司行业类别代码
1732	麻织造加工	company_hylb_type	公司行业类别代码
1733	麻染整精加工	company_hylb_type	公司行业类别代码
174	丝绢纺织及印染精加工	company_hylb_type	公司行业类别代码
1741	缫丝加工	company_hylb_type	公司行业类别代码
1742	绢纺和丝织加工	company_hylb_type	公司行业类别代码
1743	丝印染精加工	company_hylb_type	公司行业类别代码
175	化纤织造及印染精加工	company_hylb_type	公司行业类别代码
1751	化纤织造加工	company_hylb_type	公司行业类别代码
1752	化纤织物染整精加工	company_hylb_type	公司行业类别代码
176	针织或钩针编织物及其制品制造	company_hylb_type	公司行业类别代码
1761	针织或钩针编织物织造	company_hylb_type	公司行业类别代码
1762	针织或钩针编织物印染精加工	company_hylb_type	公司行业类别代码
1763	针织或钩针编织品制造	company_hylb_type	公司行业类别代码
177	家用纺织制成品制造	company_hylb_type	公司行业类别代码
1771	床上用品制造	company_hylb_type	公司行业类别代码
1772	毛巾类制品制造	company_hylb_type	公司行业类别代码
1773	窗帘、布艺类产品制造	company_hylb_type	公司行业类别代码
1779	其他家用纺织制成品制造	company_hylb_type	公司行业类别代码
178	产业用纺织制成品制造	company_hylb_type	公司行业类别代码
1781	非织造布制造	company_hylb_type	公司行业类别代码
1782	绳、索、缆制造	company_hylb_type	公司行业类别代码
1783	纺织带和帘子布制造	company_hylb_type	公司行业类别代码
1784	篷、帆布制造	company_hylb_type	公司行业类别代码
1789	其他产业用纺织制成品制造	company_hylb_type	公司行业类别代码
179	其他中药材种植	company_hylb_type	公司行业类别代码
18	纺织服装、服饰业	company_hylb_type	公司行业类别代码
181	机织服装制造	company_hylb_type	公司行业类别代码
1811	运动机织服装制造	company_hylb_type	公司行业类别代码
1819	其他机织服装制造	company_hylb_type	公司行业类别代码
182	针织或钩针编织服装制造	company_hylb_type	公司行业类别代码
1821	运动休闲针织服装制造	company_hylb_type	公司行业类别代码
1829	其他针织或钩针编织服装制造	company_hylb_type	公司行业类别代码
1830	服饰制造	company_hylb_type	公司行业类别代码
19	皮革、毛皮、羽毛及其制品和制鞋业	company_hylb_type	公司行业类别代码
1910	皮革鞣制加工	company_hylb_type	公司行业类别代码
19190	其他农业	company_hylb_type	公司行业类别代码
192	皮革制品制造	company_hylb_type	公司行业类别代码
1921	皮革服装制造	company_hylb_type	公司行业类别代码
1922	皮箱、包（袋）制造	company_hylb_type	公司行业类别代码
1923	皮手套及皮装饰制品制造	company_hylb_type	公司行业类别代码
1929	其他皮革制品制造	company_hylb_type	公司行业类别代码
193	毛皮鞣制及制品加工	company_hylb_type	公司行业类别代码
1931	毛皮鞣制加工	company_hylb_type	公司行业类别代码
1932	毛皮服装加工	company_hylb_type	公司行业类别代码
1939	其他毛皮制品加工	company_hylb_type	公司行业类别代码
194	羽毛(绒)加工及制品制造	company_hylb_type	公司行业类别代码
1941	羽毛（绒）加工	company_hylb_type	公司行业类别代码
1942	羽毛（绒）制品加工	company_hylb_type	公司行业类别代码
195	制鞋业	company_hylb_type	公司行业类别代码
1951	纺织面料鞋制造	company_hylb_type	公司行业类别代码
1952	皮鞋制造	company_hylb_type	公司行业类别代码
1953	塑料鞋制造	company_hylb_type	公司行业类别代码
1954	橡胶鞋制造	company_hylb_type	公司行业类别代码
1959	其他制鞋业	company_hylb_type	公司行业类别代码
2	林业	company_hylb_type	公司行业类别代码
21	林木育种和育苗	company_hylb_type	公司行业类别代码
211	林木育种	company_hylb_type	公司行业类别代码
212	林木育苗	company_hylb_type	公司行业类别代码
22220	造林和更新	company_hylb_type	公司行业类别代码
23	森林经营、管护和改培	company_hylb_type	公司行业类别代码
231	森林经营和管护	company_hylb_type	公司行业类别代码
232	森林改培	company_hylb_type	公司行业类别代码
24	木材和竹材采运	company_hylb_type	公司行业类别代码
241	木材采运	company_hylb_type	公司行业类别代码
242	竹材采运	company_hylb_type	公司行业类别代码
25	林产品采集	company_hylb_type	公司行业类别代码
251	木竹材林产品采集	company_hylb_type	公司行业类别代码
252	非木竹材林产品采集	company_hylb_type	公司行业类别代码
3	畜牧业	company_hylb_type	公司行业类别代码
31	牲畜饲养	company_hylb_type	公司行业类别代码
311	牛的饲养	company_hylb_type	公司行业类别代码
312	马的饲养	company_hylb_type	公司行业类别代码
313	猪的饲养	company_hylb_type	公司行业类别代码
314	羊的饲养	company_hylb_type	公司行业类别代码
315	骆驼饲养	company_hylb_type	公司行业类别代码
319	其他牲畜饲养	company_hylb_type	公司行业类别代码
32	家禽饲养	company_hylb_type	公司行业类别代码
321	鸡的饲养	company_hylb_type	公司行业类别代码
322	鸭的饲养	company_hylb_type	公司行业类别代码
323	鹅的饲养	company_hylb_type	公司行业类别代码
329	其他家禽饲养	company_hylb_type	公司行业类别代码
33330	狩猎和捕捉动物	company_hylb_type	公司行业类别代码
39	其他畜牧业	company_hylb_type	公司行业类别代码
391	兔的饲养	company_hylb_type	公司行业类别代码
392	蜜蜂饲养	company_hylb_type	公司行业类别代码
399	其他未列明畜牧业	company_hylb_type	公司行业类别代码
4	渔业	company_hylb_type	公司行业类别代码
41	水产养殖	company_hylb_type	公司行业类别代码
411	海水养殖	company_hylb_type	公司行业类别代码
412	内陆养殖	company_hylb_type	公司行业类别代码
42	水产捕捞	company_hylb_type	公司行业类别代码
421	海水捕捞	company_hylb_type	公司行业类别代码
422	内陆捕捞	company_hylb_type	公司行业类别代码
5	农、林、牧、渔专业及辅助性活动	company_hylb_type	公司行业类别代码
51	农业专业及辅助性活动	company_hylb_type	公司行业类别代码
511	种子种苗培育活动	company_hylb_type	公司行业类别代码
512	农业机械活动	company_hylb_type	公司行业类别代码
513	灌溉活动	company_hylb_type	公司行业类别代码
514	农产品初加工活动	company_hylb_type	公司行业类别代码
515	农作物病虫害防治活动	company_hylb_type	公司行业类别代码
519	其他农业专业及辅助性活动	company_hylb_type	公司行业类别代码
52	林业专业及辅助性活动	company_hylb_type	公司行业类别代码
521	林业有害生物防治活动	company_hylb_type	公司行业类别代码
522	森林防火活动	company_hylb_type	公司行业类别代码
523	林产品初级加工活动	company_hylb_type	公司行业类别代码
529	其他林业专业及辅助性活动	company_hylb_type	公司行业类别代码
53	畜牧专业及辅助性活动	company_hylb_type	公司行业类别代码
531	畜牧良种繁殖活动	company_hylb_type	公司行业类别代码
532	畜禽粪污处理活动	company_hylb_type	公司行业类别代码
539	其他畜牧专业及辅助性活动	company_hylb_type	公司行业类别代码
54	渔业专业及辅助性活动	company_hylb_type	公司行业类别代码
541	鱼苗及鱼种场活动	company_hylb_type	公司行业类别代码
549	其他渔业专业及辅助性活动	company_hylb_type	公司行业类别代码
6	煤炭开采和洗选业	company_hylb_type	公司行业类别代码
610	烟煤和无烟煤开采洗选	company_hylb_type	公司行业类别代码
620	褐煤开采洗选	company_hylb_type	公司行业类别代码
690	其他煤炭采选	company_hylb_type	公司行业类别代码
7	石油和天然气开采业	company_hylb_type	公司行业类别代码
71	石油开采	company_hylb_type	公司行业类别代码
711	陆地石油开采	company_hylb_type	公司行业类别代码
712	海洋石油开采	company_hylb_type	公司行业类别代码
72	天然气开采	company_hylb_type	公司行业类别代码
721	陆地天然气开采	company_hylb_type	公司行业类别代码
722	海洋天然气及可燃冰开采	company_hylb_type	公司行业类别代码
8	黑色金属矿采选业	company_hylb_type	公司行业类别代码
810	铁矿采选	company_hylb_type	公司行业类别代码
820	锰矿、铬矿采选	company_hylb_type	公司行业类别代码
890	其他黑色金属矿采选	company_hylb_type	公司行业类别代码
9	有色金属矿采选业	company_hylb_type	公司行业类别代码
91	常用有色金属矿采选	company_hylb_type	公司行业类别代码
911	铜矿采选	company_hylb_type	公司行业类别代码
912	铅锌矿采选	company_hylb_type	公司行业类别代码
913	镍钴矿采选	company_hylb_type	公司行业类别代码
914	锡矿采选	company_hylb_type	公司行业类别代码
915	锑矿采选	company_hylb_type	公司行业类别代码
916	铝矿采选	company_hylb_type	公司行业类别代码
917	镁矿采选	company_hylb_type	公司行业类别代码
919	其他常用有色金属矿采选	company_hylb_type	公司行业类别代码
92	贵金属矿采选	company_hylb_type	公司行业类别代码
921	金矿采选	company_hylb_type	公司行业类别代码
922	银矿采选	company_hylb_type	公司行业类别代码
929	其他贵金属矿采选	company_hylb_type	公司行业类别代码
93	稀有稀土金属矿采选	company_hylb_type	公司行业类别代码
931	钨钼矿采选	company_hylb_type	公司行业类别代码
932	稀土金属矿采选	company_hylb_type	公司行业类别代码
933	放射性金属矿采选	company_hylb_type	公司行业类别代码
939	其他稀有金属矿采选	company_hylb_type	公司行业类别代码
VM02	注册	phone_link_acc_type	手机关联账号代码
VM03	绑定	phone_link_acc_type	手机关联账号代码
01	大型汽车	hpzl_type	机动车号牌种类代码
02	小型汽车	hpzl_type	机动车号牌种类代码
03	使馆汽车	hpzl_type	机动车号牌种类代码
04	领馆汽车	hpzl_type	机动车号牌种类代码
05	境外汽车	hpzl_type	机动车号牌种类代码
06	外籍汽车	hpzl_type	机动车号牌种类代码
07	普通摩托车	hpzl_type	机动车号牌种类代码
08	轻便摩托车	hpzl_type	机动车号牌种类代码
09	使馆摩托车	hpzl_type	机动车号牌种类代码
10	领馆摩托车	hpzl_type	机动车号牌种类代码
11	境外摩托车	hpzl_type	机动车号牌种类代码
12	外籍摩托车	hpzl_type	机动车号牌种类代码
13	低速车	hpzl_type	机动车号牌种类代码
14	拖拉机	hpzl_type	机动车号牌种类代码
15	挂车	hpzl_type	机动车号牌种类代码
16	教练汽车	hpzl_type	机动车号牌种类代码
17	教练摩托车	hpzl_type	机动车号牌种类代码
18	试验汽车	hpzl_type	机动车号牌种类代码
19	试验摩托车	hpzl_type	机动车号牌种类代码
20	临时入境汽车	hpzl_type	机动车号牌种类代码
21	临时入境摩托车	hpzl_type	机动车号牌种类代码
22	临时行驶车	hpzl_type	机动车号牌种类代码
23	警用汽车	hpzl_type	机动车号牌种类代码
24	警用摩托	hpzl_type	机动车号牌种类代码
25	原农机号牌	hpzl_type	机动车号牌种类代码
26	香港入出境车	hpzl_type	机动车号牌种类代码
27	澳门入出境车	hpzl_type	机动车号牌种类代码
31	武警号牌	hpzl_type	机动车号牌种类代码
32	军队号牌	hpzl_type	机动车号牌种类代码
41	无号牌	hpzl_type	机动车号牌种类代码
42	假号牌	hpzl_type	机动车号牌种类代码
43	挪用号牌	hpzl_type	机动车号牌种类代码
51	大型新能源汽车	hpzl_type	机动车号牌种类代码
52	小型新能源汽车	hpzl_type	机动车号牌种类代码
53	两、三轮摩托车	hpzl_type	机动车号牌种类代码
54	农用运输车	hpzl_type	机动车号牌种类代码
55	军用车辆	hpzl_type	机动车号牌种类代码
99	其他号牌	hpzl_type	机动车号牌种类代码
DH01	车主	perosn_link_car_type	人与号牌关系代码
DH02	缴款	perosn_link_car_type	人与号牌关系代码
DH03	驾驶	perosn_link_car_type	人与号牌关系代码
DH04	乘坐	perosn_link_car_type	人与号牌关系代码
DH99	其他	perosn_link_car_type	人与号牌关系代码
1	中国共产党员	zzmm_type	政治面貌代码
2	中国共产党预备党员	zzmm_type	政治面貌代码
3	中国共产主义青年团团员	zzmm_type	政治面貌代码
4	中国国民党革命委员会会员	zzmm_type	政治面貌代码
5	中国民主同盟盟员	zzmm_type	政治面貌代码
6	中国民主建国会会员	zzmm_type	政治面貌代码
7	中国民主促进会会员	zzmm_type	政治面貌代码
8	中国农工民主党党员	zzmm_type	政治面貌代码
9	中国致公党党员	zzmm_type	政治面貌代码
10	九三学社社员	zzmm_type	政治面貌代码
11	台湾民主自治同盟盟员	zzmm_type	政治面貌代码
12	无党派民主人士	zzmm_type	政治面貌代码
13	群众	zzmm_type	政治面貌代码
0	国家机关、党群组织、企业、事业单位负贵人	zylb_type	职业类别代码
1	中国共产党中央委员会和地方各级组织负责人	zylb_type	职业类别代码
2	国家机关及其工作机构负责人	zylb_type	职业类别代码
21	国家权力机关及其工作机构负责人	zylb_type	职业类别代码
22	人民政协及其工作机构负责人	zylb_type	职业类别代码
23	人民法院负责人	zylb_type	职业类别代码
24	人民检察院负责人	zylb_type	职业类别代码
25	国家行政机关及其工作机构负责人	zylb_type	职业类别代码
29	其他国家机关及其工作机构负责人	zylb_type	职业类别代码
3	民主党派和社会团体及其工作机构负责人	zylb_type	职业类别代码
31	民主党派负责人	zylb_type	职业类别代码
32	工会、共青团、妇联、其他人民团体及其工作机构负责人	zylb_type	职业类别代码
33	群众自治组织负责人	zylb_type	职业类别代码
39	其他社会团体及其工作机构负责人	zylb_type	职业类别代码
4	事业单位负责人	zylb_type	职业类别代码
41	教育教学单位负责人	zylb_type	职业类别代码
42	卫生单位负责人	zylb_type	职业类别代码
43	科研单位负责人	zylb_type	职业类别代码
49	其他事业单位负责人	zylb_type	职业类别代码
5	企业负责人	zylb_type	职业类别代码
1	专业技术人员	zylb_type	职业类别代码
11	科学研究人员	zylb_type	职业类别代码
111	哲学研究人员	zylb_type	职业类别代码
112	经济学研究人员	zylb_type	职业类别代码
113	法学研究人员	zylb_type	职业类别代码
114	社会学研究人员	zylb_type	职业类别代码
115	教育科学研究人员	zylb_type	职业类别代码
116	文学、艺术研究人员	zylb_type	职业类别代码
117	图书馆学、情报学研究人员	zylb_type	职业类别代码
118	历史学研究人员	zylb_type	职业类别代码
119	管理科学研究人员	zylb_type	职业类别代码
121	数学研究人员	zylb_type	职业类别代码
122	物理学研究人员	zylb_type	职业类别代码
123	化学研究人员	zylb_type	职业类别代码
124	天文学研究人员	zylb_type	职业类别代码
125	地球科学研究人员	zylb_type	职业类别代码
126	生物科学研究人员	zylb_type	职业类别代码
127	农业科学研究人员	zylb_type	职业类别代码
128	医学研究人员	zylb_type	职业类别代码
129	其他科学研究人员	zylb_type	职业类别代码
13	工程技术人员	zylb_type	职业类别代码
131	地质勘探工程技术人员	zylb_type	职业类别代码
132	测绘工程技术人员	zylb_type	职业类别代码
133	矿山工程技术人员	zylb_type	职业类别代码
134	石油工程技术人员	zylb_type	职业类别代码
135	冶金工程技术人员	zylb_type	职业类别代码
136	化工工程技术人员	zylb_type	职业类别代码
137	机械工程技术人员	zylb_type	职业类别代码
138	兵器工程技术人员	zylb_type	职业类别代码
139	航空工程技术人员	zylb_type	职业类别代码
142	电子工程技术人员	zylb_type	职业类别代码
143	通信工程技术人员	zylb_type	职业类别代码
144	计算机与应用工程技术人员	zylb_type	职业类别代码
145	电气工程技术人员	zylb_type	职业类别代码
146	电力工程技术人员	zylb_type	职业类别代码
147	邮政工程技术人员	zylb_type	职业类别代码
148	广播、电影、电视工程技术人员	zylb_type	职业类别代码
149	交通工程技术人员	zylb_type	职业类别代码
151	民用航空工程技术人员	zylb_type	职业类别代码
152	铁路工程技术人员	zylb_type	职业类别代码
153	建筑工程技术人员	zylb_type	职业类别代码
154	建材工程技术人员	zylb_type	职业类别代码
155	林业工程技术人员	zylb_type	职业类别代码
156	水利工程技术人员	zylb_type	职业类别代码
157	海洋工程技术人员	zylb_type	职业类别代码
158	水产工程技术人员	zylb_type	职业类别代码
159	纺织工程技术人员	zylb_type	职业类别代码
161	食品工程技术人员	zylb_type	职业类别代码
162	气象工程技术人员	zylb_type	职业类别代码
163	地震工程技术人员	zylb_type	职业类别代码
164	环境保护工程技术人员	zylb_type	职业类别代码
165	安全工程技术人员	zylb_type	职业类别代码
166	标准化、计量、质量工程技术人员	zylb_type	职业类别代码
167	管理(工业)工程技术人员	zylb_type	职业类别代码
169	其他工程技术人员	zylb_type	职业类别代码
17	农业技术人员	zylb_type	职业类别代码
171	土壤肥料技术人员	zylb_type	职业类别代码
172	植物保护技术人员	zylb_type	职业类别代码
173	园艺技术人员	zylb_type	职业类别代码
174	作物遗传育种栽培技术人员	zylb_type	职业类别代码
175	兽医、兽药技术人员	zylb_type	职业类别代码
176	畜牧与草业技术人员	zylb_type	职业类别代码
179	其他农业技术人员	zylb_type	职业类别代码
18	飞机和船舶技术人员	zylb_type	职业类别代码
181	飞行人员和领航人员	zylb_type	职业类别代码
182	船舶指挥和引航人员	zylb_type	职业类别代码
189	其他飞机和船舶技术人员	zylb_type	职业类别代码
19	卫生专业技术人员	zylb_type	职业类别代码
191	西医医师	zylb_type	职业类别代码
192	中医医师	zylb_type	职业类别代码
193	中西医结合医师	zylb_type	职业类别代码
194	民族医生	zylb_type	职业类别代码
195	公共卫生医师	zylb_type	职业类别代码
196	药剂人员	zylb_type	职业类别代码
197	医疗技术人员	zylb_type	职业类别代码
198	护理人员	zylb_type	职业类别代码
199	其他卫生专业技术人员	zylb_type	职业类别代码
21	经济业务人员	zylb_type	职业类别代码
211	经济计划人员	zylb_type	职业类别代码
212	统计人员	zylb_type	职业类别代码
213	会计人员	zylb_type	职业类别代码
214	审计人员	zylb_type	职业类别代码
215	国际商务人员	zylb_type	职业类别代码
219	其他经济业务人员	zylb_type	职业类别代码
22	金融业务人员	zylb_type	职业类别代码
221	银行业务人员	zylb_type	职业类别代码
222	保险业务人员	zylb_type	职业类别代码
223	证券业务人员	zylb_type	职业类别代码
229	其他金融业务人员	zylb_type	职业类别代码
23	法律专业人员	zylb_type	职业类别代码
231	法官	zylb_type	职业类别代码
232	检察官	zylb_type	职业类别代码
233	律师	zylb_type	职业类别代码
234	公证员	zylb_type	职业类别代码
235	司法鉴定人员	zylb_type	职业类别代码
236	书记员	zylb_type	职业类别代码
239	其他法律专业人员	zylb_type	职业类别代码
24	教学人员	zylb_type	职业类别代码
241	高等教育教师	zylb_type	职业类别代码
242	中等职业教育教师	zylb_type	职业类别代码
243	中学教师	zylb_type	职业类别代码
244	小学教师	zylb_type	职业类别代码
245	幼儿教师	zylb_type	职业类别代码
246	特殊教育教师	zylb_type	职业类别代码
249	其他教学人员	zylb_type	职业类别代码
25	文学艺术工作人员	zylb_type	职业类别代码
251	文艺创作和评论人员	zylb_type	职业类别代码
252	编导和音乐指挥人员	zylb_type	职业类别代码
253	演员	zylb_type	职业类别代码
254	乐器演奏员	zylb_type	职业类别代码
255	电影、电视制作及舞台专业人员	zylb_type	职业类别代码
256	美术专业人员	zylb_type	职业类别代码
257	工艺美术专业人员	zylb_type	职业类别代码
259	其他文学艺术工作人员	zylb_type	职业类别代码
26	体育工作人员	zylb_type	职业类别代码
27	新闻出版、文化工作人员	zylb_type	职业类别代码
271	记者	zylb_type	职业类别代码
272	编辑	zylb_type	职业类别代码
273	校对员	zylb_type	职业类别代码
274	播音员及节目主持人	zylb_type	职业类别代码
275	翻译	zylb_type	职业类别代码
276	图书资料与档案业务人员	zylb_type	职业类别代码
277	考古及文物保护工作人员	zylb_type	职业类别代码
279	其他新闻出版、文化工作人员	zylb_type	职业类别代码
28	宗教职业者	zylb_type	职业类别代码
29	其他专业技术人员	zylb_type	职业类别代码
3	办事人员和有关人员	zylb_type	职业类别代码
31	行政办公人员	zylb_type	职业类别代码
311	行政业务人员	zylb_type	职业类别代码
312	行政事务人员	zylb_type	职业类别代码
319	其他行政办公人员	zylb_type	职业类别代码
32	安全保卫和消防人员	zylb_type	职业类别代码
321	人民警察	zylb_type	职业类别代码
322	治安保卫人员	zylb_type	职业类别代码
323	消防人员	zylb_type	职业类别代码
329	其他安全保卫和消防人员	zylb_type	职业类别代码
33	邮政和电信业务人员	zylb_type	职业类别代码
331	邮政业务人员	zylb_type	职业类别代码
332	电信业务人员	zylb_type	职业类别代码
333	电信通信传输业务人员	zylb_type	职业类别代码
339	其他邮政和电信业务人员	zylb_type	职业类别代码
39	其他办事人员和有关人员	zylb_type	职业类别代码
4	商业、服务业人员	zylb_type	职业类别代码
41	购销人员	zylb_type	职业类别代码
411	营业人员	zylb_type	职业类别代码
412	推销、展销人员	zylb_type	职业类别代码
413	采购人员	zylb_type	职业类别代码
414	拍卖、典当及租赁业务人员	zylb_type	职业类别代码
415	废旧物资回收利用人员	zylb_type	职业类别代码
416	粮油管理人员	zylb_type	职业类别代码
417	商品监督和市场管理人员	zylb_type	职业类别代码
419	其他购销人员	zylb_type	职业类别代码
42	仓储人员	zylb_type	职业类别代码
421	保管人员	zylb_type	职业类别代码
422	储运人员	zylb_type	职业类别代码
429	其他仓储人员	zylb_type	职业类别代码
43	餐饮服务人员	zylb_type	职业类别代码
431	中餐烹饪人员	zylb_type	职业类别代码
432	西餐烹饪人员	zylb_type	职业类别代码
433	调酒和茶艺人员	zylb_type	职业类别代码
434	营养配餐人员	zylb_type	职业类别代码
435	餐厅服务人员	zylb_type	职业类别代码
439	其他餐饮服务人员	zylb_type	职业类别代码
44	饭店、旅游及健身娱乐场所服务人员	zylb_type	职业类别代码
441	饭店服务人员	zylb_type	职业类别代码
442	旅游及公共游览场所服务人员	zylb_type	职业类别代码
443	健身和娱乐场所服务人员	zylb_type	职业类别代码
449	其他饭店、旅游及健身娱乐场所服务人员	zylb_type	职业类别代码
45	运输服务人员	zylb_type	职业类别代码
451	公路、道路运输服务人员	zylb_type	职业类别代码
452	铁路客货运输服务人员	zylb_type	职业类别代码
453	航空运输服务人员	zylb_type	职业类别代码
454	水上运输服务人员	zylb_type	职业类别代码
459	其他运输服务人员	zylb_type	职业类别代码
46	医疗卫生辅助服务人员	zylb_type	职业类别代码
47	社会服务和居民生活服务人员	zylb_type	职业类别代码
471	社会中介服务人员	zylb_type	职业类别代码
472	物业管理人员	zylb_type	职业类别代码
473	供水、供热及生活燃料供应服务人员	zylb_type	职业类别代码
474	美容美发人员	zylb_type	职业类别代码
475	摄影服务人员	zylb_type	职业类别代码
476	验光配镜人员	zylb_type	职业类别代码
477	洗染织补人员	zylb_type	职业类别代码
478	浴池服务人员	zylb_type	职业类别代码
479	印章刻字人员	zylb_type	职业类别代码
481	日用机电产品维修人员	zylb_type	职业类别代码
482	办公设备维修人员	zylb_type	职业类别代码
483	保育、家庭服务人员	zylb_type	职业类别代码
484	环境卫生人员	zylb_type	职业类别代码
485	殡葬服务人员	zylb_type	职业类别代码
489	其他社会服务和居民生活服务人员	zylb_type	职业类别代码
49	其他商业、服务业人员	zylb_type	职业类别代码
5	农、林、牧、渔、水利业生产人员	zylb_type	职业类别代码
51	种植业生产人员	zylb_type	职业类别代码
511	大田作物生产人员	zylb_type	职业类别代码
512	农业实验人员	zylb_type	职业类别代码
513	园艺作物生产人员	zylb_type	职业类别代码
514	热带作物生产人员	zylb_type	职业类别代码
515	中药材生产人员	zylb_type	职业类别代码
516	农副林特产品加工人员	zylb_type	职业类别代码
519	其他种植业生产人员	zylb_type	职业类别代码
52	林业生产及野生动植物保护人员	zylb_type	职业类别代码
521	营造林人员	zylb_type	职业类别代码
522	森林资源管护人员	zylb_type	职业类别代码
523	野生动植物保护及自然保护区人员	zylb_type	职业类别代码
524	木材采运人员	zylb_type	职业类别代码
529	其他林业生产及野生动植物保护人员	zylb_type	职业类别代码
53	畜牧业生产人员	zylb_type	职业类别代码
531	家畜饲养人员	zylb_type	职业类别代码
532	家禽饲养人员	zylb_type	职业类别代码
533	蜜蜂饲养人员	zylb_type	职业类别代码
534	实验动物饲养人员	zylb_type	职业类别代码
535	动物疫病防治人员	zylb_type	职业类别代码
536	草业生产人员	zylb_type	职业类别代码
539	其他畜牧业生产人员	zylb_type	职业类别代码
54	渔业生产人员	zylb_type	职业类别代码
541	水产养殖人员	zylb_type	职业类别代码
542	水产捕捞及有关人员	zylb_type	职业类别代码
543	水产品加工人员	zylb_type	职业类别代码
549	其他渔业生产人员	zylb_type	职业类别代码
55	水利设施管理养护人员	zylb_type	职业类别代码
551	河道、水库管养人员	zylb_type	职业类别代码
552	农田灌排工程建设管理维护人员	zylb_type	职业类别代码
553	水土保持作业人员	zylb_type	职业类别代码
554	水文勘测作业人员	zylb_type	职业类别代码
559	其他水利设施管理养护人员	zylb_type	职业类别代码
59	其他农、林、牧、渔、水利业生产人员	zylb_type	职业类别代码
591	农林专用机械操作人员	zylb_type	职业类别代码
592	农村能源开发利用人员	zylb_type	职业类别代码
6	生产、运输设备操作人员及有关人员	zylb_type	职业类别代码
61	勘测及矿物开采人员	zylb_type	职业类别代码
611	地质勘查人员	zylb_type	职业类别代码
612	测绘人员	zylb_type	职业类别代码
613	矿物开采人员	zylb_type	职业类别代码
614	矿物处理人员	zylb_type	职业类别代码
615	钻井人员	zylb_type	职业类别代码
616	石油、天然气开采人员	zylb_type	职业类别代码
617	盐业生产人员	zylb_type	职业类别代码
619	其他勘测及矿物开采人员	zylb_type	职业类别代码
62	金属冶炼、轧制人员	zylb_type	职业类别代码
621	炼铁人员	zylb_type	职业类别代码
622	炼钢人员	zylb_type	职业类别代码
623	铁合金冶炼人员	zylb_type	职业类别代码
624	重有色金属冶炼人员	zylb_type	职业类别代码
625	轻有色金属冶炼人员	zylb_type	职业类别代码
626	稀贵金属冶炼人员	zylb_type	职业类别代码
627	半导体材料制备人员	zylb_type	职业类别代码
628	金属轧制人员	zylb_type	职业类别代码
629	铸铁管人员	zylb_type	职业类别代码
631	炭素制品生产人员	zylb_type	职业类别代码
632	硬质合金生产人员	zylb_type	职业类别代码
639	其他金属冶炼、轧制人员	zylb_type	职业类别代码
64	化工产品生产人员	zylb_type	职业类别代码
641	化工产品生产通用工艺人员	zylb_type	职业类别代码
642	石油炼制生产人员	zylb_type	职业类别代码
643	煤化工生产人员	zylb_type	职业类别代码
644	化学肥料生产人员	zylb_type	职业类别代码
645	无机化工产品生产人员	zylb_type	职业类别代码
646	基本有机化工产品生产人员	zylb_type	职业类别代码
647	合成树脂生产人员	zylb_type	职业类别代码
648	合成橡胶生产人员	zylb_type	职业类别代码
649	化学纤维生产人员	zylb_type	职业类别代码
651	合成革生产人员	zylb_type	职业类别代码
652	精细化工产品生产人员	zylb_type	职业类别代码
653	信息记录材料生产人员	zylb_type	职业类别代码
654	火药、炸药制造人员	zylb_type	职业类别代码
655	林产化工产品生产人员	zylb_type	职业类别代码
656	复合材料加工人员	zylb_type	职业类别代码
657	日用化学品生产人员	zylb_type	职业类别代码
659	其他化工产品生产人员	zylb_type	职业类别代码
66	机械制造加工人员	zylb_type	职业类别代码
661	机械冷加工人员	zylb_type	职业类别代码
662	机械热加工人员	zylb_type	职业类别代码
663	特种加工设备操作人员	zylb_type	职业类别代码
664	冷作饭金加工人员	zylb_type	职业类别代码
665	工件表面处理加工人员	zylb_type	职业类别代码
666	磨料磨具制造加工人员	zylb_type	职业类别代码
667	航天器件加工成型人员	zylb_type	职业类别代码
669	其他机械制造加工人员	zylb_type	职业类别代码
67	机电产品装配人员	zylb_type	职业类别代码
671	基础件、部件装配人员	zylb_type	职业类别代码
672	机械设备装配人员	zylb_type	职业类别代码
673	动力设备装配人员	zylb_type	职业类别代码
674	电气元件及设备装配人员	zylb_type	职业类别代码
675	电子专用设备装配调试人员	zylb_type	职业类别代码
676	仪器仪表装配人员	zylb_type	职业类别代码
677	运输车辆装配人员	zylb_type	职业类别代码
678	膜法水处理设备制造人员	zylb_type	职业类别代码
679	医疗器械装配及假肢与矫形器制作人员	zylb_type	职业类别代码
681	日用机械电器制造装配人员	zylb_type	职业类别代码
682	五金制品制作、装配人员	zylb_type	职业类别代码
683	装甲车辆装试人员	zylb_type	职业类别代码
684	枪炮制造人员	zylb_type	职业类别代码
685	弹制造人员	zylb_type	职业类别代码
686	引信加工制造人员	zylb_type	职业类别代码
687	火工品制造人员	zylb_type	职业类别代码
688	防化器材制造人员	zylb_type	职业类别代码
689	船舶制造人员	zylb_type	职业类别代码
691	航空产品装配与调试人员	zylb_type	职业类别代码
692	航空产品试验人员	zylb_type	职业类别代码
693	导弹卫星装配测试人员	zylb_type	职业类别代码
694	火箭发动机装配试验人员	zylb_type	职业类别代码
695	航天器结构强度、温度、环境试验人员	zylb_type	职业类别代码
696	靶场试验人员	zylb_type	职业类别代码
699	其他机电产品装配人员	zylb_type	职业类别代码
71	机械设备修理人员	zylb_type	职业类别代码
711	机械设备维修人员	zylb_type	职业类别代码
712	仪器仪表修理人员	zylb_type	职业类别代码
713	民用航空器维修人员	zylb_type	职业类别代码
719	其他机械设备修理人员	zylb_type	职业类别代码
72	电力设备安装、运行、检修及供电人员	zylb_type	职业类别代码
721	电力设备安装人员	zylb_type	职业类别代码
722	发电运行值班人员	zylb_type	职业类别代码
723	输电、配电、变电设备值班人员	zylb_type	职业类别代码
724	电力设备检修人员	zylb_type	职业类别代码
725	供用电人员	zylb_type	职业类别代码
726	生活、生产电力设备安装、操作、修理人员	zylb_type	职业类别代码
729	其他电力设备安装、运行、检修及供电人员	zylb_type	职业类别代码
73	电子元器件与设备制造、装配、调试及维修人员	zylb_type	职业类别代码
731	电子器件制造人员	zylb_type	职业类别代码
732	电子元件制造人员	zylb_type	职业类别代码
733	电池制造人员	zylb_type	职业类别代码
734	电子设备装配、调试人员	zylb_type	职业类别代码
735	电子产品维修人员	zylb_type	职业类别代码
739	其他电子元器件与设备制造、装配、调试及维修人员	zylb_type	职业类别代码
74	橡胶和塑料制品生产人员	zylb_type	职业类别代码
741	橡胶制品生产人员	zylb_type	职业类别代码
742	塑料制品加工人员	zylb_type	职业类别代码
749	其他橡胶和塑料制品生产人员	zylb_type	职业类别代码
75	纺织、针织、印染人员	zylb_type	职业类别代码
751	纤维预处理人员	zylb_type	职业类别代码
752	纺纱人员	zylb_type	职业类别代码
753	织造人员	zylb_type	职业类别代码
754	针织人员	zylb_type	职业类别代码
755	印染人员	zylb_type	职业类别代码
759	其他纺织、针织、印染人员	zylb_type	职业类别代码
76	裁剪、缝纫和皮革、毛皮制品加工制作人员	zylb_type	职业类别代码
761	裁剪、缝纫人员	zylb_type	职业类别代码
762	鞋帽制作人员	zylb_type	职业类别代码
763	皮革、毛皮加工人员	zylb_type	职业类别代码
764	缝纫制品再加工人员	zylb_type	职业类别代码
769	其他裁剪、缝纫和皮革、毛皮制品加工制作人员	zylb_type	职业类别代码
77	粮油、食品、饮料生产加工及饲料生产加工人员	zylb_type	职业类别代码
771	粮油生产加工人员	zylb_type	职业类别代码
772	制糖和糖制品加工人员	zylb_type	职业类别代码
773	乳品、冷食品及罐头、饮料制作人员	zylb_type	职业类别代码
774	酿酒、食品添加剂及调味品制作人员	zylb_type	职业类别代码
775	粮油食品制作人员	zylb_type	职业类别代码
776	屠宰加工人员	zylb_type	职业类别代码
777	肉、蛋食品加工人员	zylb_type	职业类别代码
778	饲料生产加工人员	zylb_type	职业类别代码
779	其他粮油、食品、饮料生产加工及饲料生产加工人员	zylb_type	职业类别代码
78	烟草及其制品加工人员	zylb_type	职业类别代码
781	原烟复烤人员	zylb_type	职业类别代码
782	卷烟生产人员	zylb_type	职业类别代码
783	烟用醋酸纤维丝束滤棒制作人员	zylb_type	职业类别代码
789	其他烟草及其制品加工人员	zylb_type	职业类别代码
79	药品生产人员	zylb_type	职业类别代码
791	合成药物制造人员	zylb_type	职业类别代码
792	生物技术制药(品)人员	zylb_type	职业类别代码
793	药物制剂人员	zylb_type	职业类别代码
794	中药制药人员	zylb_type	职业类别代码
799	其他药品生产人员	zylb_type	职业类别代码
81	木材加工、人造板生产、木制品制作及制浆、造纸和纸制品生产加工人员	zylb_type	职业类别代码
811	木材加工人员	zylb_type	职业类别代码
812	人造板生产人员	zylb_type	职业类别代码
813	木材制品制作人员	zylb_type	职业类别代码
814	制浆人员	zylb_type	职业类别代码
815	造纸人员	zylb_type	职业类别代码
816	纸制品制作人员	zylb_type	职业类别代码
819	其他木材加工、人造板生产、木制品制作及制浆、造纸和纸制品生产加工人员	zylb_type	职业类别代码
82	建筑材料生产加工人员	zylb_type	职业类别代码
821	水泥及水泥制品生产加工人员	zylb_type	职业类别代码
822	墙体屋面材料生产人员	zylb_type	职业类别代码
823	建筑防水密封材料生产人员	zylb_type	职业类别代码
824	建筑保温及吸音材料生产人员	zylb_type	职业类别代码
825	装饰石材生产人员	zylb_type	职业类别代码
826	非金属矿及其制品生产加工人员	zylb_type	职业类别代码
827	耐火材料生产人员	zylb_type	职业类别代码
829	其他建筑材料生产加工人员	zylb_type	职业类别代码
83	玻璃、陶瓷搪瓷及其制品生产加工人员	zylb_type	职业类别代码
831	玻璃熔制人员	zylb_type	职业类别代码
832	玻璃纤维及其制品生产人员	zylb_type	职业类别代码
833	石英玻璃制品加工人员	zylb_type	职业类别代码
834	陶瓷制品生产人员	zylb_type	职业类别代码
835	搪瓷制品生产人员	zylb_type	职业类别代码
839	其他玻璃、陶瓷、搪瓷及其制品生产加工人员	zylb_type	职业类别代码
84	广播影视制品制作、播放及文物保护作业人员	zylb_type	职业类别代码
841	影视制品制作人员	zylb_type	职业类别代码
842	音像制品制作、复制人员	zylb_type	职业类别代码
843	广播影视舞台设备安装调试及运行操作人员	zylb_type	职业类别代码
844	电影放映人员	zylb_type	职业类别代码
845	文物保护作业人员	zylb_type	职业类别代码
849	其他广播影视制品制作、播放及文物保护作业人员	zylb_type	职业类别代码
85	印刷人员	zylb_type	职业类别代码
851	印前处理人员	zylb_type	职业类别代码
852	印刷操作人员	zylb_type	职业类别代码
853	印后制作人员	zylb_type	职业类别代码
859	其他印刷人员	zylb_type	职业类别代码
86	工艺、美术品制作人员	zylb_type	职业类别代码
861	珠宝首饰加工制作人员	zylb_type	职业类别代码
862	地毯制作人员	zylb_type	职业类别代码
863	玩具制作人员	zylb_type	职业类别代码
864	漆器工艺品制作人员	zylb_type	职业类别代码
865	抽纱、刺绣工艺品制作人员	zylb_type	职业类别代码
866	金属工艺品制作人员	zylb_type	职业类别代码
867	雕刻工艺品制作人员	zylb_type	职业类别代码
868	美术品制作人员	zylb_type	职业类别代码
869	其他工艺、美术品制作人员	zylb_type	职业类别代码
87	文化教育、体育用品制作人员	zylb_type	职业类别代码
871	文教用品制作人员	zylb_type	职业类别代码
872	体育用品制作人员	zylb_type	职业类别代码
873	乐器制作人员	zylb_type	职业类别代码
879	其他文化教育、体育用品制作人员	zylb_type	职业类别代码
88	工程施工人员	zylb_type	职业类别代码
881	土石方施工人员	zylb_type	职业类别代码
882	砌筑人员	zylb_type	职业类别代码
883	混凝土配制及制品加工人员	zylb_type	职业类别代码
884	钢筋加工人员	zylb_type	职业类别代码
885	施工架子搭设人员	zylb_type	职业类别代码
886	工程防水人员	zylb_type	职业类别代码
887	装饰、装修人员	zylb_type	职业类别代码
888	古建筑修建人员	zylb_type	职业类别代码
889	筑路、养护、维修人员	zylb_type	职业类别代码
891	工程设备安装人员	zylb_type	职业类别代码
899	其他工程施工人员	zylb_type	职业类别代码
91	运输设备操作人员及有关人员	zylb_type	职业类别代码
911	公、道)路运输机械设备操作及有关人员	zylb_type	职业类别代码
912	铁路、地铁运输机械设备操作及有关人员	zylb_type	职业类别代码
913	民用航空设备操作及有关人员	zylb_type	职业类别代码
914	水上运输设备操作及有关人员	zylb_type	职业类别代码
915	起重装卸机械操作及有关人员	zylb_type	职业类别代码
919	其他运输设备操作人员及有关人员	zylb_type	职业类别代码
92	环境监测与废物处理人员	zylb_type	职业类别代码
921	环境监测人员	zylb_type	职业类别代码
922	海洋环境调查与监测人员	zylb_type	职业类别代码
923	废物处理人员	zylb_type	职业类别代码
929	其他环境监测与废物处理人员	zylb_type	职业类别代码
93	检验、计量人员	zylb_type	职业类别代码
931	检验人员	zylb_type	职业类别代码
932	航空产品检验人员	zylb_type	职业类别代码
933	航天器检验、测试人员	zylb_type	职业类别代码
934	计量人员	zylb_type	职业类别代码
939	其他检验、计量人员	zylb_type	职业类别代码
99	其他生产、运输设备操作人员及有关人员	zylb_type	职业类别代码
991	包装人员	zylb_type	职业类别代码
992	机泵操作人员	zylb_type	职业类别代码
993	简单体力劳动人员	zylb_type	职业类别代码
X	军人	zylb_type	职业类别代码
Y	不便分类的其他从业人员	zylb_type	职业类别代码
0	无业人员	grsf_type	个人身份代码
10	国家工作人员	grsf_type	个人身份代码
11	国家公务员	grsf_type	个人身份代码
12	现役军人	grsf_type	个人身份代码
20	务农	grsf_type	个人身份代码
21	农民	grsf_type	个人身份代码
30	务工	grsf_type	个人身份代码
31	国有、集体企业务工	grsf_type	个人身份代码
32	三资企业务工	grsf_type	个人身份代码
33	乡镇、村办企业务工	grsf_type	个人身份代码
34	私营企业务工	grsf_type	个人身份代码
35	个体工商户务工	grsf_type	个人身份代码
36	建筑安装务工	grsf_type	个人身份代码
37	搬运装卸务工	grsf_type	个人身份代码
38	零散务工	grsf_type	个人身份代码
39	其他务工人员	grsf_type	个人身份代码
40	商业、服务、娱乐业从业人员	grsf_type	个人身份代码
41	国营、集体单位供销、经商人员	grsf_type	个人身份代码
42	商业服务员	grsf_type	个人身份代码
43	娱乐业服务人员	grsf_type	个人身份代码
44	服务业从业人员	grsf_type	个人身份代码
45	企业管理人员	grsf_type	个人身份代码
46	职员	grsf_type	个人身份代码
47	专业技术人员	grsf_type	个人身份代码
50	林、牧、渔业劳动者	grsf_type	个人身份代码
60	个体劳动者	grsf_type	个人身份代码
61	个体经商	grsf_type	个人身份代码
62	个体服务	grsf_type	个人身份代码
63	个体运输	grsf_type	个人身份代码
64	其他个体户	grsf_type	个人身份代码
70	其他在业人员	grsf_type	个人身份代码
71	自由职业者	grsf_type	个人身份代码
80	退（离）休人员	grsf_type	个人身份代码
81	料理家务	grsf_type	个人身份代码
82	市镇待业	grsf_type	个人身份代码
83	退离休人员	grsf_type	个人身份代码
84	退（辞）职	grsf_type	个人身份代码
85	离职	grsf_type	个人身份代码
86	待（下）岗人员	grsf_type	个人身份代码
87	社会闲散人员	grsf_type	个人身份代码
88	盲流人员	grsf_type	个人身份代码
89	其他不在业人员	grsf_type	个人身份代码
90	学生	grsf_type	个人身份代码
91	大学生（包括大专生、研究生）	grsf_type	个人身份代码
92	中学生（包括中专生）	grsf_type	个人身份代码
93	小学生	grsf_type	个人身份代码
99	其他	grsf_type	个人身份代码
1	人大代表	tssf_type	特殊身份代码
2	政协委员	tssf_type	特殊身份代码
3	民主党首	tssf_type	特殊身份代码
4	中高干部	tssf_type	特殊身份代码
5	高知高工	tssf_type	特殊身份代码
6	公安民警	tssf_type	特殊身份代码
7	其他民警	tssf_type	特殊身份代码
8	检法干部	tssf_type	特殊身份代码
9	工商税务	tssf_type	特殊身份代码
10	海关稽查	tssf_type	特殊身份代码
11	保安警卫	tssf_type	特殊身份代码
12	外交官员	tssf_type	特殊身份代码
13	外交家属	tssf_type	特殊身份代码
14	外商职员	tssf_type	特殊身份代码
15	华侨人士	tssf_type	特殊身份代码
16	侨眷侨属	tssf_type	特殊身份代码
17	留学人员	tssf_type	特殊身份代码
18	外籍人员	tssf_type	特殊身份代码
19	港澳台人员	tssf_type	特殊身份代码
20	宗教界人士	tssf_type	特殊身份代码
21	邪教人员	tssf_type	特殊身份代码
22	民族分裂分子	tssf_type	特殊身份代码
23	民运人员	tssf_type	特殊身份代码
24	未成年人	tssf_type	特殊身份代码
99	其他	tssf_type	特殊身份代码
10	安眠酮	dpzl_type	毒品种类代码
100	海洛因	dpzl_type	毒品种类代码
101	鸦片	dpzl_type	毒品种类代码
102	吗啡	dpzl_type	毒品种类代码
103	度冷丁	dpzl_type	毒品种类代码
104	二氢埃托啡(口含片)	dpzl_type	毒品种类代码
105	美沙酮	dpzl_type	毒品种类代码
106	大麻	dpzl_type	毒品种类代码
107	可卡因	dpzl_type	毒品种类代码
108	摇头丸	dpzl_type	毒品种类代码
109	冰毒	dpzl_type	毒品种类代码
11	杜冷丁	dpzl_type	毒品种类代码
110	麻古丸	dpzl_type	毒品种类代码
111	K粉(氯胺酮)	dpzl_type	毒品种类代码
112	γ-羟丁酸(G毒)	dpzl_type	毒品种类代码
113	麻黄素(小马)	dpzl_type	毒品种类代码
114	安钠咖(烫片片)	dpzl_type	毒品种类代码
115	底料+黄皮	dpzl_type	毒品种类代码
116	曲马多	dpzl_type	毒品种类代码
117	丁丙诺非片	dpzl_type	毒品种类代码
118	安定	dpzl_type	毒品种类代码
119	三唑仓	dpzl_type	毒品种类代码
120	联邦止咳露	dpzl_type	毒品种类代码
121	复方地芬诺酯(小白药)	dpzl_type	毒品种类代码
122	复方甘草片	dpzl_type	毒品种类代码
123	右关沙芬(关沙芬)	dpzl_type	毒品种类代码
124	其他药物	dpzl_type	毒品种类代码
125	其他止咳药水	dpzl_type	毒品种类代码
13	罂粟壳	dpzl_type	毒品种类代码
15	其他苯丙胺类毒品	dpzl_type	毒品种类代码
16	埃托啡	dpzl_type	毒品种类代码
17	丁丙诺非	dpzl_type	毒品种类代码
18	氯氮卓	dpzl_type	毒品种类代码
19	溴西泮	dpzl_type	毒品种类代码
20	艾司唑仑	dpzl_type	毒品种类代码
21	苯丙胺	dpzl_type	毒品种类代码
22	地西泮	dpzl_type	毒品种类代码
24	其他毒品	dpzl_type	毒品种类代码
6	冰毒片剂	dpzl_type	毒品种类代码
7	咖啡因	dpzl_type	毒品种类代码
8	安钠咖	dpzl_type	毒品种类代码
9	氯胺酮	dpzl_type	毒品种类代码
1	拘留期满	csyy_type	出所原因代码
2	法院提前解除拘留	csyy_type	出所原因代码
3	停止执行拘留	csyy_type	出所原因代码
4	暂缓执行拘留	csyy_type	出所原因代码
5	转收容教育所	csyy_type	出所原因代码
6	转强制隔离戒毒所	csyy_type	出所原因代码
7	转刑事拘留	csyy_type	出所原因代码
8	转逮捕	csyy_type	出所原因代码
9	另行处理	csyy_type	出所原因代码
10	脱逃	csyy_type	出所原因代码
11	死亡	csyy_type	出所原因代码
12	临时寄押转走	csyy_type	出所原因代码
13	转本省（区、市）其他所	csyy_type	出所原因代码
14	转外省（区、市）其他所	csyy_type	出所原因代码
15	执行驱逐出境、遣送出境	csyy_type	出所原因代码
99	其他	csyy_type	出所原因代码

